calendar_dt^|^calendar_year^|^calendar_year_month_id^|^calendar_year_week_id^|^fiscal_year^|^start_dt^|^end_dt^|^week_day_cd^|^public_holiday_ind
20050611^|^2005^|^20056^|^47^|^2009^|^20050601^|^20050630^|^SAT^|^N
20050612^|^2006^|^20057^|^48^|^2010^|^20050601^|^20050630^|^SAT^|^N
20050613^|^2007^|^20058^|^49^|^2011^|^20050601^|^20050630^|^SAT^|^N
20050614^|^2008^|^20059^|^50^|^2012^|^20050601^|^20050630^|^SAT^|^N
20050615^|^2009^|^20060^|^51^|^2013^|^20050601^|^20050630^|^SAT^|^N
20050616^|^2010^|^20061^|^52^|^2014^|^20050601^|^20050630^|^SAT^|^N
20050617^|^2011^|^20062^|^53^|^2015^|^20050601^|^20050630^|^SAT^|^N
20050618^|^2012^|^20063^|^54^|^2016^|^20050601^|^20050630^|^SAT^|^N
20050619^|^2013^|^20064^|^55^|^2017^|^20050601^|^20050630^|^SAT^|^N
20050620^|^2014^|^20065^|^56^|^2018^|^20050601^|^20050630^|^SAT^|^N
20050621^|^2015^|^20066^|^57^|^2019^|^20050601^|^20050630^|^SAT^|^N
20050622^|^2016^|^20067^|^58^|^2020^|^20050601^|^20050630^|^SAT^|^N
20050623^|^2017^|^20068^|^59^|^2021^|^20050601^|^20050630^|^SAT^|^N
20050624^|^2018^|^20069^|^60^|^2022^|^20050601^|^20050630^|^SAT^|^N
20050625^|^2019^|^20070^|^61^|^2023^|^20050601^|^20050630^|^SAT^|^N
20050626^|^2020^|^20071^|^62^|^2024^|^20050601^|^20050630^|^SAT^|^N
20050627^|^2021^|^20072^|^63^|^2025^|^20050601^|^20050630^|^SAT^|^N
20050628^|^2022^|^20073^|^64^|^2026^|^20050601^|^20050630^|^SAT^|^N
20050629^|^2023^|^20074^|^65^|^2027^|^20050601^|^20050630^|^SAT^|^N
20050630^|^2024^|^20075^|^66^|^2028^|^20050601^|^20050630^|^SAT^|^N
20050701^|^2025^|^20076^|^67^|^2029^|^20050601^|^20050630^|^SAT^|^N
20050702^|^2026^|^20077^|^68^|^2030^|^20050601^|^20050630^|^SAT^|^N
20050703^|^2027^|^20078^|^69^|^2031^|^20050601^|^20050630^|^SAT^|^N
20050704^|^2028^|^20079^|^70^|^2032^|^20050601^|^20050630^|^SAT^|^N
20050705^|^2029^|^20080^|^71^|^2033^|^20050601^|^20050630^|^SAT^|^N
20050706^|^2030^|^20081^|^72^|^2034^|^20050601^|^20050630^|^SAT^|^N
20050707^|^2031^|^20082^|^73^|^2035^|^20050601^|^20050630^|^SAT^|^N
20050708^|^2032^|^20083^|^74^|^2036^|^20050601^|^20050630^|^SAT^|^N
20050709^|^2033^|^20084^|^75^|^2037^|^20050601^|^20050630^|^SAT^|^N
20050710^|^2034^|^20085^|^76^|^2038^|^20050601^|^20050630^|^SAT^|^N
20050711^|^2035^|^20086^|^77^|^2039^|^20050601^|^20050630^|^SAT^|^N
20050712^|^2036^|^20087^|^78^|^2040^|^20050601^|^20050630^|^SAT^|^N
20050713^|^2037^|^20088^|^79^|^2041^|^20050601^|^20050630^|^SAT^|^N
20050714^|^2038^|^20089^|^80^|^2042^|^20050601^|^20050630^|^SAT^|^N
20050715^|^2039^|^20090^|^81^|^2043^|^20050601^|^20050630^|^SAT^|^N
20050716^|^2040^|^20091^|^82^|^2044^|^20050601^|^20050630^|^SAT^|^N
20050717^|^2041^|^20092^|^83^|^2045^|^20050601^|^20050630^|^SAT^|^N
20050718^|^2042^|^20093^|^84^|^2046^|^20050601^|^20050630^|^SAT^|^N
20050719^|^2043^|^20094^|^85^|^2047^|^20050601^|^20050630^|^SAT^|^N
20050720^|^2044^|^20095^|^86^|^2048^|^20050601^|^20050630^|^SAT^|^N
20050721^|^2045^|^20096^|^87^|^2049^|^20050601^|^20050630^|^SAT^|^N
20050722^|^2046^|^20097^|^88^|^2050^|^20050601^|^20050630^|^SAT^|^N
20050723^|^2047^|^20098^|^89^|^2051^|^20050601^|^20050630^|^SAT^|^N
20050724^|^2048^|^20099^|^90^|^2052^|^20050601^|^20050630^|^SAT^|^N
20050725^|^2049^|^20100^|^91^|^2053^|^20050601^|^20050630^|^SAT^|^N
20050726^|^2050^|^20101^|^92^|^2054^|^20050601^|^20050630^|^SAT^|^N
20050727^|^2051^|^20102^|^93^|^2055^|^20050601^|^20050630^|^SAT^|^N
20050728^|^2052^|^20103^|^94^|^2056^|^20050601^|^20050630^|^SAT^|^N
20050729^|^2053^|^20104^|^95^|^2057^|^20050601^|^20050630^|^SAT^|^N
20050730^|^2054^|^20105^|^96^|^2058^|^20050601^|^20050630^|^SAT^|^N
20050731^|^2055^|^20106^|^97^|^2059^|^20050601^|^20050630^|^SAT^|^N
20050801^|^2056^|^20107^|^98^|^2060^|^20050601^|^20050630^|^SAT^|^N
20050802^|^2057^|^20108^|^99^|^2061^|^20050601^|^20050630^|^SAT^|^N
20050803^|^2058^|^20109^|^100^|^2062^|^20050601^|^20050630^|^SAT^|^N
20050804^|^2059^|^20110^|^101^|^2063^|^20050601^|^20050630^|^SAT^|^N
20050805^|^2060^|^20111^|^102^|^2064^|^20050601^|^20050630^|^SAT^|^N
20050806^|^2061^|^20112^|^103^|^2065^|^20050601^|^20050630^|^SAT^|^N
20050807^|^2062^|^20113^|^104^|^2066^|^20050601^|^20050630^|^SAT^|^N
20050808^|^2063^|^20114^|^105^|^2067^|^20050601^|^20050630^|^SAT^|^N
20050809^|^2064^|^20115^|^106^|^2068^|^20050601^|^20050630^|^SAT^|^N
20050810^|^2065^|^20116^|^107^|^2069^|^20050601^|^20050630^|^SAT^|^N
20050811^|^2066^|^20117^|^108^|^2070^|^20050601^|^20050630^|^SAT^|^N
20050812^|^2067^|^20118^|^109^|^2071^|^20050601^|^20050630^|^SAT^|^N
20050813^|^2068^|^20119^|^110^|^2072^|^20050601^|^20050630^|^SAT^|^N
20050814^|^2069^|^20120^|^111^|^2073^|^20050601^|^20050630^|^SAT^|^N
20050815^|^2070^|^20121^|^112^|^2074^|^20050601^|^20050630^|^SAT^|^N
20050816^|^2071^|^20122^|^113^|^2075^|^20050601^|^20050630^|^SAT^|^N
20050817^|^2072^|^20123^|^114^|^2076^|^20050601^|^20050630^|^SAT^|^N
20050818^|^2073^|^20124^|^115^|^2077^|^20050601^|^20050630^|^SAT^|^N
20050819^|^2074^|^20125^|^116^|^2078^|^20050601^|^20050630^|^SAT^|^N
20050820^|^2075^|^20126^|^117^|^2079^|^20050601^|^20050630^|^SAT^|^N
20050821^|^2076^|^20127^|^118^|^2080^|^20050601^|^20050630^|^SAT^|^N
20050822^|^2077^|^20128^|^119^|^2081^|^20050601^|^20050630^|^SAT^|^N
20050823^|^2078^|^20129^|^120^|^2082^|^20050601^|^20050630^|^SAT^|^N
20050824^|^2079^|^20130^|^121^|^2083^|^20050601^|^20050630^|^SAT^|^N
20050825^|^2080^|^20131^|^122^|^2084^|^20050601^|^20050630^|^SAT^|^N
20050826^|^2081^|^20132^|^123^|^2085^|^20050601^|^20050630^|^SAT^|^N
20050827^|^2082^|^20133^|^124^|^2086^|^20050601^|^20050630^|^SAT^|^N
20050828^|^2083^|^20134^|^125^|^2087^|^20050601^|^20050630^|^SAT^|^N
20050829^|^2084^|^20135^|^126^|^2088^|^20050601^|^20050630^|^SAT^|^N
20050830^|^2085^|^20136^|^127^|^2089^|^20050601^|^20050630^|^SAT^|^N
20050831^|^2086^|^20137^|^128^|^2090^|^20050601^|^20050630^|^SAT^|^N
20050901^|^2087^|^20138^|^129^|^2091^|^20050601^|^20050630^|^SAT^|^N
20050902^|^2088^|^20139^|^130^|^2092^|^20050601^|^20050630^|^SAT^|^N
20050903^|^2089^|^20140^|^131^|^2093^|^20050601^|^20050630^|^SAT^|^N
20050904^|^2090^|^20141^|^132^|^2094^|^20050601^|^20050630^|^SAT^|^N
20050905^|^2091^|^20142^|^133^|^2095^|^20050601^|^20050630^|^SAT^|^N
20050906^|^2092^|^20143^|^134^|^2096^|^20050601^|^20050630^|^SAT^|^N
20050907^|^2093^|^20144^|^135^|^2097^|^20050601^|^20050630^|^SAT^|^N
20050908^|^2094^|^20145^|^136^|^2098^|^20050601^|^20050630^|^SAT^|^N
20050909^|^2095^|^20146^|^137^|^2099^|^20050601^|^20050630^|^SAT^|^N
20050910^|^2096^|^20147^|^138^|^2100^|^20050601^|^20050630^|^SAT^|^N
20050911^|^2097^|^20148^|^139^|^2101^|^20050601^|^20050630^|^SAT^|^N
20050912^|^2098^|^20149^|^140^|^2102^|^20050601^|^20050630^|^SAT^|^N
20050913^|^2099^|^20150^|^141^|^2103^|^20050601^|^20050630^|^SAT^|^N
20050914^|^2100^|^20151^|^142^|^2104^|^20050601^|^20050630^|^SAT^|^N
20050915^|^2101^|^20152^|^143^|^2105^|^20050601^|^20050630^|^SAT^|^N
20050916^|^2102^|^20153^|^144^|^2106^|^20050601^|^20050630^|^SAT^|^N
20050917^|^2103^|^20154^|^145^|^2107^|^20050601^|^20050630^|^SAT^|^N
20050918^|^2104^|^20155^|^146^|^2108^|^20050601^|^20050630^|^SAT^|^N
20050919^|^2105^|^20156^|^147^|^2109^|^20050601^|^20050630^|^SAT^|^N
20050920^|^2106^|^20157^|^148^|^2110^|^20050601^|^20050630^|^SAT^|^N
20050921^|^2107^|^20158^|^149^|^2111^|^20050601^|^20050630^|^SAT^|^N
20050922^|^2108^|^20159^|^150^|^2112^|^20050601^|^20050630^|^SAT^|^N
20050923^|^2109^|^20160^|^151^|^2113^|^20050601^|^20050630^|^SAT^|^N
20050924^|^2110^|^20161^|^152^|^2114^|^20050601^|^20050630^|^SAT^|^N
20050925^|^2111^|^20162^|^153^|^2115^|^20050601^|^20050630^|^SAT^|^N
20050926^|^2112^|^20163^|^154^|^2116^|^20050601^|^20050630^|^SAT^|^N
20050927^|^2113^|^20164^|^155^|^2117^|^20050601^|^20050630^|^SAT^|^N
20050928^|^2114^|^20165^|^156^|^2118^|^20050601^|^20050630^|^SAT^|^N
20050929^|^2115^|^20166^|^157^|^2119^|^20050601^|^20050630^|^SAT^|^N
20050930^|^2116^|^20167^|^158^|^2120^|^20050601^|^20050630^|^SAT^|^N
20051001^|^2117^|^20168^|^159^|^2121^|^20050601^|^20050630^|^SAT^|^N
20051002^|^2118^|^20169^|^160^|^2122^|^20050601^|^20050630^|^SAT^|^N
20051003^|^2119^|^20170^|^161^|^2123^|^20050601^|^20050630^|^SAT^|^N
20051004^|^2120^|^20171^|^162^|^2124^|^20050601^|^20050630^|^SAT^|^N
20051005^|^2121^|^20172^|^163^|^2125^|^20050601^|^20050630^|^SAT^|^N
20051006^|^2122^|^20173^|^164^|^2126^|^20050601^|^20050630^|^SAT^|^N
20051007^|^2123^|^20174^|^165^|^2127^|^20050601^|^20050630^|^SAT^|^N
20051008^|^2124^|^20175^|^166^|^2128^|^20050601^|^20050630^|^SAT^|^N
20051009^|^2125^|^20176^|^167^|^2129^|^20050601^|^20050630^|^SAT^|^N
20051010^|^2126^|^20177^|^168^|^2130^|^20050601^|^20050630^|^SAT^|^N
20051011^|^2127^|^20178^|^169^|^2131^|^20050601^|^20050630^|^SAT^|^N
20051012^|^2128^|^20179^|^170^|^2132^|^20050601^|^20050630^|^SAT^|^N
20051013^|^2129^|^20180^|^171^|^2133^|^20050601^|^20050630^|^SAT^|^N
20051014^|^2130^|^20181^|^172^|^2134^|^20050601^|^20050630^|^SAT^|^N
20051015^|^2131^|^20182^|^173^|^2135^|^20050601^|^20050630^|^SAT^|^N
20051016^|^2132^|^20183^|^174^|^2136^|^20050601^|^20050630^|^SAT^|^N
20051017^|^2133^|^20184^|^175^|^2137^|^20050601^|^20050630^|^SAT^|^N
20051018^|^2134^|^20185^|^176^|^2138^|^20050601^|^20050630^|^SAT^|^N
20051019^|^2135^|^20186^|^177^|^2139^|^20050601^|^20050630^|^SAT^|^N
20051020^|^2136^|^20187^|^178^|^2140^|^20050601^|^20050630^|^SAT^|^N
20051021^|^2137^|^20188^|^179^|^2141^|^20050601^|^20050630^|^SAT^|^N
20051022^|^2138^|^20189^|^180^|^2142^|^20050601^|^20050630^|^SAT^|^N
20051023^|^2139^|^20190^|^181^|^2143^|^20050601^|^20050630^|^SAT^|^N
20051024^|^2140^|^20191^|^182^|^2144^|^20050601^|^20050630^|^SAT^|^N
20051025^|^2141^|^20192^|^183^|^2145^|^20050601^|^20050630^|^SAT^|^N
20051026^|^2142^|^20193^|^184^|^2146^|^20050601^|^20050630^|^SAT^|^N
20051027^|^2143^|^20194^|^185^|^2147^|^20050601^|^20050630^|^SAT^|^N
20051028^|^2144^|^20195^|^186^|^2148^|^20050601^|^20050630^|^SAT^|^N
20051029^|^2145^|^20196^|^187^|^2149^|^20050601^|^20050630^|^SAT^|^N
20051030^|^2146^|^20197^|^188^|^2150^|^20050601^|^20050630^|^SAT^|^N
20051031^|^2147^|^20198^|^189^|^2151^|^20050601^|^20050630^|^SAT^|^N
20051101^|^2148^|^20199^|^190^|^2152^|^20050601^|^20050630^|^SAT^|^N
20051102^|^2149^|^20200^|^191^|^2153^|^20050601^|^20050630^|^SAT^|^N
20051103^|^2150^|^20201^|^192^|^2154^|^20050601^|^20050630^|^SAT^|^N
20051104^|^2151^|^20202^|^193^|^2155^|^20050601^|^20050630^|^SAT^|^N
20051105^|^2152^|^20203^|^194^|^2156^|^20050601^|^20050630^|^SAT^|^N
20051106^|^2153^|^20204^|^195^|^2157^|^20050601^|^20050630^|^SAT^|^N
20051107^|^2154^|^20205^|^196^|^2158^|^20050601^|^20050630^|^SAT^|^N
20051108^|^2155^|^20206^|^197^|^2159^|^20050601^|^20050630^|^SAT^|^N
20051109^|^2156^|^20207^|^198^|^2160^|^20050601^|^20050630^|^SAT^|^N
20051110^|^2157^|^20208^|^199^|^2161^|^20050601^|^20050630^|^SAT^|^N
20051111^|^2158^|^20209^|^200^|^2162^|^20050601^|^20050630^|^SAT^|^N
20051112^|^2159^|^20210^|^201^|^2163^|^20050601^|^20050630^|^SAT^|^N
20051113^|^2160^|^20211^|^202^|^2164^|^20050601^|^20050630^|^SAT^|^N
20051114^|^2161^|^20212^|^203^|^2165^|^20050601^|^20050630^|^SAT^|^N
20051115^|^2162^|^20213^|^204^|^2166^|^20050601^|^20050630^|^SAT^|^N
20051116^|^2163^|^20214^|^205^|^2167^|^20050601^|^20050630^|^SAT^|^N
20051117^|^2164^|^20215^|^206^|^2168^|^20050601^|^20050630^|^SAT^|^N
20051118^|^2165^|^20216^|^207^|^2169^|^20050601^|^20050630^|^SAT^|^N
20051119^|^2166^|^20217^|^208^|^2170^|^20050601^|^20050630^|^SAT^|^N
20051120^|^2167^|^20218^|^209^|^2171^|^20050601^|^20050630^|^SAT^|^N
20051121^|^2168^|^20219^|^210^|^2172^|^20050601^|^20050630^|^SAT^|^N
20051122^|^2169^|^20220^|^211^|^2173^|^20050601^|^20050630^|^SAT^|^N
20051123^|^2170^|^20221^|^212^|^2174^|^20050601^|^20050630^|^SAT^|^N
20051124^|^2171^|^20222^|^213^|^2175^|^20050601^|^20050630^|^SAT^|^N
20051125^|^2172^|^20223^|^214^|^2176^|^20050601^|^20050630^|^SAT^|^N
20051126^|^2173^|^20224^|^215^|^2177^|^20050601^|^20050630^|^SAT^|^N
20051127^|^2174^|^20225^|^216^|^2178^|^20050601^|^20050630^|^SAT^|^N
20051128^|^2175^|^20226^|^217^|^2179^|^20050601^|^20050630^|^SAT^|^N
20051129^|^2176^|^20227^|^218^|^2180^|^20050601^|^20050630^|^SAT^|^N
20051130^|^2177^|^20228^|^219^|^2181^|^20050601^|^20050630^|^SAT^|^N
20051201^|^2178^|^20229^|^220^|^2182^|^20050601^|^20050630^|^SAT^|^N
20051202^|^2179^|^20230^|^221^|^2183^|^20050601^|^20050630^|^SAT^|^N
20051203^|^2180^|^20231^|^222^|^2184^|^20050601^|^20050630^|^SAT^|^N
20051204^|^2181^|^20232^|^223^|^2185^|^20050601^|^20050630^|^SAT^|^N
20051205^|^2182^|^20233^|^224^|^2186^|^20050601^|^20050630^|^SAT^|^N
20051206^|^2183^|^20234^|^225^|^2187^|^20050601^|^20050630^|^SAT^|^N
20051207^|^2184^|^20235^|^226^|^2188^|^20050601^|^20050630^|^SAT^|^N
20051208^|^2185^|^20236^|^227^|^2189^|^20050601^|^20050630^|^SAT^|^N
20051209^|^2186^|^20237^|^228^|^2190^|^20050601^|^20050630^|^SAT^|^N
20051210^|^2187^|^20238^|^229^|^2191^|^20050601^|^20050630^|^SAT^|^N
20051211^|^2188^|^20239^|^230^|^2192^|^20050601^|^20050630^|^SAT^|^N
20051212^|^2189^|^20240^|^231^|^2193^|^20050601^|^20050630^|^SAT^|^N
20051213^|^2190^|^20241^|^232^|^2194^|^20050601^|^20050630^|^SAT^|^N
20051214^|^2191^|^20242^|^233^|^2195^|^20050601^|^20050630^|^SAT^|^N
20051215^|^2192^|^20243^|^234^|^2196^|^20050601^|^20050630^|^SAT^|^N
20051216^|^2193^|^20244^|^235^|^2197^|^20050601^|^20050630^|^SAT^|^N
20051217^|^2194^|^20245^|^236^|^2198^|^20050601^|^20050630^|^SAT^|^N
20051218^|^2195^|^20246^|^237^|^2199^|^20050601^|^20050630^|^SAT^|^N
20051219^|^2196^|^20247^|^238^|^2200^|^20050601^|^20050630^|^SAT^|^N
20051220^|^2197^|^20248^|^239^|^2201^|^20050601^|^20050630^|^SAT^|^N
20051221^|^2198^|^20249^|^240^|^2202^|^20050601^|^20050630^|^SAT^|^N
20051222^|^2199^|^20250^|^241^|^2203^|^20050601^|^20050630^|^SAT^|^N
20051223^|^2200^|^20251^|^242^|^2204^|^20050601^|^20050630^|^SAT^|^N
20051224^|^2201^|^20252^|^243^|^2205^|^20050601^|^20050630^|^SAT^|^N
20051225^|^2202^|^20253^|^244^|^2206^|^20050601^|^20050630^|^SAT^|^N
20051226^|^2203^|^20254^|^245^|^2207^|^20050601^|^20050630^|^SAT^|^N
20051227^|^2204^|^20255^|^246^|^2208^|^20050601^|^20050630^|^SAT^|^N
20051228^|^2205^|^20256^|^247^|^2209^|^20050601^|^20050630^|^SAT^|^N
20051229^|^2206^|^20257^|^248^|^2210^|^20050601^|^20050630^|^SAT^|^N
20051230^|^2207^|^20258^|^249^|^2211^|^20050601^|^20050630^|^SAT^|^N
20051231^|^2208^|^20259^|^250^|^2212^|^20050601^|^20050630^|^SAT^|^N
20060101^|^2209^|^20260^|^251^|^2213^|^20050601^|^20050630^|^SAT^|^N
20060102^|^2210^|^20261^|^252^|^2214^|^20050601^|^20050630^|^SAT^|^N
20060103^|^2211^|^20262^|^253^|^2215^|^20050601^|^20050630^|^SAT^|^N
20060104^|^2212^|^20263^|^254^|^2216^|^20050601^|^20050630^|^SAT^|^N
20060105^|^2213^|^20264^|^255^|^2217^|^20050601^|^20050630^|^SAT^|^N
20060106^|^2214^|^20265^|^256^|^2218^|^20050601^|^20050630^|^SAT^|^N
20060107^|^2215^|^20266^|^257^|^2219^|^20050601^|^20050630^|^SAT^|^N
20060108^|^2216^|^20267^|^258^|^2220^|^20050601^|^20050630^|^SAT^|^N
20060109^|^2217^|^20268^|^259^|^2221^|^20050601^|^20050630^|^SAT^|^N
20060110^|^2218^|^20269^|^260^|^2222^|^20050601^|^20050630^|^SAT^|^N
20060111^|^2219^|^20270^|^261^|^2223^|^20050601^|^20050630^|^SAT^|^N
20060112^|^2220^|^20271^|^262^|^2224^|^20050601^|^20050630^|^SAT^|^N
20060113^|^2221^|^20272^|^263^|^2225^|^20050601^|^20050630^|^SAT^|^N
20060114^|^2222^|^20273^|^264^|^2226^|^20050601^|^20050630^|^SAT^|^N
20060115^|^2223^|^20274^|^265^|^2227^|^20050601^|^20050630^|^SAT^|^N
20060116^|^2224^|^20275^|^266^|^2228^|^20050601^|^20050630^|^SAT^|^N
20060117^|^2225^|^20276^|^267^|^2229^|^20050601^|^20050630^|^SAT^|^N
20060118^|^2226^|^20277^|^268^|^2230^|^20050601^|^20050630^|^SAT^|^N
20060119^|^2227^|^20278^|^269^|^2231^|^20050601^|^20050630^|^SAT^|^N
20060120^|^2228^|^20279^|^270^|^2232^|^20050601^|^20050630^|^SAT^|^N
20060121^|^2229^|^20280^|^271^|^2233^|^20050601^|^20050630^|^SAT^|^N
20060122^|^2230^|^20281^|^272^|^2234^|^20050601^|^20050630^|^SAT^|^N
20060123^|^2231^|^20282^|^273^|^2235^|^20050601^|^20050630^|^SAT^|^N
20060124^|^2232^|^20283^|^274^|^2236^|^20050601^|^20050630^|^SAT^|^N
20060125^|^2233^|^20284^|^275^|^2237^|^20050601^|^20050630^|^SAT^|^N
20060126^|^2234^|^20285^|^276^|^2238^|^20050601^|^20050630^|^SAT^|^N
20060127^|^2235^|^20286^|^277^|^2239^|^20050601^|^20050630^|^SAT^|^N
20060128^|^2236^|^20287^|^278^|^2240^|^20050601^|^20050630^|^SAT^|^N
20060129^|^2237^|^20288^|^279^|^2241^|^20050601^|^20050630^|^SAT^|^N
20060130^|^2238^|^20289^|^280^|^2242^|^20050601^|^20050630^|^SAT^|^N
20060131^|^2239^|^20290^|^281^|^2243^|^20050601^|^20050630^|^SAT^|^N
20060201^|^2240^|^20291^|^282^|^2244^|^20050601^|^20050630^|^SAT^|^N
20060202^|^2241^|^20292^|^283^|^2245^|^20050601^|^20050630^|^SAT^|^N
20060203^|^2242^|^20293^|^284^|^2246^|^20050601^|^20050630^|^SAT^|^N
20060204^|^2243^|^20294^|^285^|^2247^|^20050601^|^20050630^|^SAT^|^N
20060205^|^2244^|^20295^|^286^|^2248^|^20050601^|^20050630^|^SAT^|^N
20060206^|^2245^|^20296^|^287^|^2249^|^20050601^|^20050630^|^SAT^|^N
20060207^|^2246^|^20297^|^288^|^2250^|^20050601^|^20050630^|^SAT^|^N
20060208^|^2247^|^20298^|^289^|^2251^|^20050601^|^20050630^|^SAT^|^N
20060209^|^2248^|^20299^|^290^|^2252^|^20050601^|^20050630^|^SAT^|^N
20060210^|^2249^|^20300^|^291^|^2253^|^20050601^|^20050630^|^SAT^|^N
20060211^|^2250^|^20301^|^292^|^2254^|^20050601^|^20050630^|^SAT^|^N
20060212^|^2251^|^20302^|^293^|^2255^|^20050601^|^20050630^|^SAT^|^N
20060213^|^2252^|^20303^|^294^|^2256^|^20050601^|^20050630^|^SAT^|^N
20060214^|^2253^|^20304^|^295^|^2257^|^20050601^|^20050630^|^SAT^|^N
20060215^|^2254^|^20305^|^296^|^2258^|^20050601^|^20050630^|^SAT^|^N
20060216^|^2255^|^20306^|^297^|^2259^|^20050601^|^20050630^|^SAT^|^N
20060217^|^2256^|^20307^|^298^|^2260^|^20050601^|^20050630^|^SAT^|^N
20060218^|^2257^|^20308^|^299^|^2261^|^20050601^|^20050630^|^SAT^|^N
20060219^|^2258^|^20309^|^300^|^2262^|^20050601^|^20050630^|^SAT^|^N
20060220^|^2259^|^20310^|^301^|^2263^|^20050601^|^20050630^|^SAT^|^N
20060221^|^2260^|^20311^|^302^|^2264^|^20050601^|^20050630^|^SAT^|^N
20060222^|^2261^|^20312^|^303^|^2265^|^20050601^|^20050630^|^SAT^|^N
20060223^|^2262^|^20313^|^304^|^2266^|^20050601^|^20050630^|^SAT^|^N
20060224^|^2263^|^20314^|^305^|^2267^|^20050601^|^20050630^|^SAT^|^N
20060225^|^2264^|^20315^|^306^|^2268^|^20050601^|^20050630^|^SAT^|^N
20060226^|^2265^|^20316^|^307^|^2269^|^20050601^|^20050630^|^SAT^|^N
20060227^|^2266^|^20317^|^308^|^2270^|^20050601^|^20050630^|^SAT^|^N
20060228^|^2267^|^20318^|^309^|^2271^|^20050601^|^20050630^|^SAT^|^N
20060301^|^2268^|^20319^|^310^|^2272^|^20050601^|^20050630^|^SAT^|^N
20060302^|^2269^|^20320^|^311^|^2273^|^20050601^|^20050630^|^SAT^|^N
20060303^|^2270^|^20321^|^312^|^2274^|^20050601^|^20050630^|^SAT^|^N
20060304^|^2271^|^20322^|^313^|^2275^|^20050601^|^20050630^|^SAT^|^N
20060305^|^2272^|^20323^|^314^|^2276^|^20050601^|^20050630^|^SAT^|^N
20060306^|^2273^|^20324^|^315^|^2277^|^20050601^|^20050630^|^SAT^|^N
20060307^|^2274^|^20325^|^316^|^2278^|^20050601^|^20050630^|^SAT^|^N
20060308^|^2275^|^20326^|^317^|^2279^|^20050601^|^20050630^|^SAT^|^N
20060309^|^2276^|^20327^|^318^|^2280^|^20050601^|^20050630^|^SAT^|^N
20060310^|^2277^|^20328^|^319^|^2281^|^20050601^|^20050630^|^SAT^|^N
20060311^|^2278^|^20329^|^320^|^2282^|^20050601^|^20050630^|^SAT^|^N
20060312^|^2279^|^20330^|^321^|^2283^|^20050601^|^20050630^|^SAT^|^N
20060313^|^2280^|^20331^|^322^|^2284^|^20050601^|^20050630^|^SAT^|^N
20060314^|^2281^|^20332^|^323^|^2285^|^20050601^|^20050630^|^SAT^|^N
20060315^|^2282^|^20333^|^324^|^2286^|^20050601^|^20050630^|^SAT^|^N
20060316^|^2283^|^20334^|^325^|^2287^|^20050601^|^20050630^|^SAT^|^N
20060317^|^2284^|^20335^|^326^|^2288^|^20050601^|^20050630^|^SAT^|^N
20060318^|^2285^|^20336^|^327^|^2289^|^20050601^|^20050630^|^SAT^|^N
20060319^|^2286^|^20337^|^328^|^2290^|^20050601^|^20050630^|^SAT^|^N
20060320^|^2287^|^20338^|^329^|^2291^|^20050601^|^20050630^|^SAT^|^N
20060321^|^2288^|^20339^|^330^|^2292^|^20050601^|^20050630^|^SAT^|^N
20060322^|^2289^|^20340^|^331^|^2293^|^20050601^|^20050630^|^SAT^|^N
20060323^|^2290^|^20341^|^332^|^2294^|^20050601^|^20050630^|^SAT^|^N
20060324^|^2291^|^20342^|^333^|^2295^|^20050601^|^20050630^|^SAT^|^N
20060325^|^2292^|^20343^|^334^|^2296^|^20050601^|^20050630^|^SAT^|^N
20060326^|^2293^|^20344^|^335^|^2297^|^20050601^|^20050630^|^SAT^|^N
20060327^|^2294^|^20345^|^336^|^2298^|^20050601^|^20050630^|^SAT^|^N
20060328^|^2295^|^20346^|^337^|^2299^|^20050601^|^20050630^|^SAT^|^N
20060329^|^2296^|^20347^|^338^|^2300^|^20050601^|^20050630^|^SAT^|^N
20060330^|^2297^|^20348^|^339^|^2301^|^20050601^|^20050630^|^SAT^|^N
20060331^|^2298^|^20349^|^340^|^2302^|^20050601^|^20050630^|^SAT^|^N
20060401^|^2299^|^20350^|^341^|^2303^|^20050601^|^20050630^|^SAT^|^N
20060402^|^2300^|^20351^|^342^|^2304^|^20050601^|^20050630^|^SAT^|^N
20060403^|^2301^|^20352^|^343^|^2305^|^20050601^|^20050630^|^SAT^|^N
20060404^|^2302^|^20353^|^344^|^2306^|^20050601^|^20050630^|^SAT^|^N
20060405^|^2303^|^20354^|^345^|^2307^|^20050601^|^20050630^|^SAT^|^N
20060406^|^2304^|^20355^|^346^|^2308^|^20050601^|^20050630^|^SAT^|^N
20060407^|^2305^|^20356^|^347^|^2309^|^20050601^|^20050630^|^SAT^|^N
20060408^|^2306^|^20357^|^348^|^2310^|^20050601^|^20050630^|^SAT^|^N
20060409^|^2307^|^20358^|^349^|^2311^|^20050601^|^20050630^|^SAT^|^N
20060410^|^2308^|^20359^|^350^|^2312^|^20050601^|^20050630^|^SAT^|^N
20060411^|^2309^|^20360^|^351^|^2313^|^20050601^|^20050630^|^SAT^|^N
20060412^|^2310^|^20361^|^352^|^2314^|^20050601^|^20050630^|^SAT^|^N
20060413^|^2311^|^20362^|^353^|^2315^|^20050601^|^20050630^|^SAT^|^N
20060414^|^2312^|^20363^|^354^|^2316^|^20050601^|^20050630^|^SAT^|^N
20060415^|^2313^|^20364^|^355^|^2317^|^20050601^|^20050630^|^SAT^|^N
20060416^|^2314^|^20365^|^356^|^2318^|^20050601^|^20050630^|^SAT^|^N
20060417^|^2315^|^20366^|^357^|^2319^|^20050601^|^20050630^|^SAT^|^N
20060418^|^2316^|^20367^|^358^|^2320^|^20050601^|^20050630^|^SAT^|^N
20060419^|^2317^|^20368^|^359^|^2321^|^20050601^|^20050630^|^SAT^|^N
20060420^|^2318^|^20369^|^360^|^2322^|^20050601^|^20050630^|^SAT^|^N
20060421^|^2319^|^20370^|^361^|^2323^|^20050601^|^20050630^|^SAT^|^N
20060422^|^2320^|^20371^|^362^|^2324^|^20050601^|^20050630^|^SAT^|^N
20060423^|^2321^|^20372^|^363^|^2325^|^20050601^|^20050630^|^SAT^|^N
20060424^|^2322^|^20373^|^364^|^2326^|^20050601^|^20050630^|^SAT^|^N
20060425^|^2323^|^20374^|^365^|^2327^|^20050601^|^20050630^|^SAT^|^N
20060426^|^2324^|^20375^|^366^|^2328^|^20050601^|^20050630^|^SAT^|^N
20060427^|^2325^|^20376^|^367^|^2329^|^20050601^|^20050630^|^SAT^|^N
20060428^|^2326^|^20377^|^368^|^2330^|^20050601^|^20050630^|^SAT^|^N
20060429^|^2327^|^20378^|^369^|^2331^|^20050601^|^20050630^|^SAT^|^N
20060430^|^2328^|^20379^|^370^|^2332^|^20050601^|^20050630^|^SAT^|^N
20060501^|^2329^|^20380^|^371^|^2333^|^20050601^|^20050630^|^SAT^|^N
20060502^|^2330^|^20381^|^372^|^2334^|^20050601^|^20050630^|^SAT^|^N
20060503^|^2331^|^20382^|^373^|^2335^|^20050601^|^20050630^|^SAT^|^N
20060504^|^2332^|^20383^|^374^|^2336^|^20050601^|^20050630^|^SAT^|^N
20060505^|^2333^|^20384^|^375^|^2337^|^20050601^|^20050630^|^SAT^|^N
20060506^|^2334^|^20385^|^376^|^2338^|^20050601^|^20050630^|^SAT^|^N
20060507^|^2335^|^20386^|^377^|^2339^|^20050601^|^20050630^|^SAT^|^N
20060508^|^2336^|^20387^|^378^|^2340^|^20050601^|^20050630^|^SAT^|^N
20060509^|^2337^|^20388^|^379^|^2341^|^20050601^|^20050630^|^SAT^|^N
20060510^|^2338^|^20389^|^380^|^2342^|^20050601^|^20050630^|^SAT^|^N
20060511^|^2339^|^20390^|^381^|^2343^|^20050601^|^20050630^|^SAT^|^N
20060512^|^2340^|^20391^|^382^|^2344^|^20050601^|^20050630^|^SAT^|^N
20060513^|^2341^|^20392^|^383^|^2345^|^20050601^|^20050630^|^SAT^|^N
20060514^|^2342^|^20393^|^384^|^2346^|^20050601^|^20050630^|^SAT^|^N
20060515^|^2343^|^20394^|^385^|^2347^|^20050601^|^20050630^|^SAT^|^N
20060516^|^2344^|^20395^|^386^|^2348^|^20050601^|^20050630^|^SAT^|^N
20060517^|^2345^|^20396^|^387^|^2349^|^20050601^|^20050630^|^SAT^|^N
20060518^|^2346^|^20397^|^388^|^2350^|^20050601^|^20050630^|^SAT^|^N
20060519^|^2347^|^20398^|^389^|^2351^|^20050601^|^20050630^|^SAT^|^N
20060520^|^2348^|^20399^|^390^|^2352^|^20050601^|^20050630^|^SAT^|^N
20060521^|^2349^|^20400^|^391^|^2353^|^20050601^|^20050630^|^SAT^|^N
20060522^|^2350^|^20401^|^392^|^2354^|^20050601^|^20050630^|^SAT^|^N
20060523^|^2351^|^20402^|^393^|^2355^|^20050601^|^20050630^|^SAT^|^N
20060524^|^2352^|^20403^|^394^|^2356^|^20050601^|^20050630^|^SAT^|^N
20060525^|^2353^|^20404^|^395^|^2357^|^20050601^|^20050630^|^SAT^|^N
20060526^|^2354^|^20405^|^396^|^2358^|^20050601^|^20050630^|^SAT^|^N
20060527^|^2355^|^20406^|^397^|^2359^|^20050601^|^20050630^|^SAT^|^N
20060528^|^2356^|^20407^|^398^|^2360^|^20050601^|^20050630^|^SAT^|^N
20060529^|^2357^|^20408^|^399^|^2361^|^20050601^|^20050630^|^SAT^|^N
20060530^|^2358^|^20409^|^400^|^2362^|^20050601^|^20050630^|^SAT^|^N
20060531^|^2359^|^20410^|^401^|^2363^|^20050601^|^20050630^|^SAT^|^N
20060601^|^2360^|^20411^|^402^|^2364^|^20050601^|^20050630^|^SAT^|^N
20060602^|^2361^|^20412^|^403^|^2365^|^20050601^|^20050630^|^SAT^|^N
20060603^|^2362^|^20413^|^404^|^2366^|^20050601^|^20050630^|^SAT^|^N
20060604^|^2363^|^20414^|^405^|^2367^|^20050601^|^20050630^|^SAT^|^N
20060605^|^2364^|^20415^|^406^|^2368^|^20050601^|^20050630^|^SAT^|^N
20060606^|^2365^|^20416^|^407^|^2369^|^20050601^|^20050630^|^SAT^|^N
20060607^|^2366^|^20417^|^408^|^2370^|^20050601^|^20050630^|^SAT^|^N
20060608^|^2367^|^20418^|^409^|^2371^|^20050601^|^20050630^|^SAT^|^N
20060609^|^2368^|^20419^|^410^|^2372^|^20050601^|^20050630^|^SAT^|^N
20060610^|^2369^|^20420^|^411^|^2373^|^20050601^|^20050630^|^SAT^|^N
20060611^|^2370^|^20421^|^412^|^2374^|^20050601^|^20050630^|^SAT^|^N
20060612^|^2371^|^20422^|^413^|^2375^|^20050601^|^20050630^|^SAT^|^N
20060613^|^2372^|^20423^|^414^|^2376^|^20050601^|^20050630^|^SAT^|^N
20060614^|^2373^|^20424^|^415^|^2377^|^20050601^|^20050630^|^SAT^|^N
20060615^|^2374^|^20425^|^416^|^2378^|^20050601^|^20050630^|^SAT^|^N
20060616^|^2375^|^20426^|^417^|^2379^|^20050601^|^20050630^|^SAT^|^N
20060617^|^2376^|^20427^|^418^|^2380^|^20050601^|^20050630^|^SAT^|^N
20060618^|^2377^|^20428^|^419^|^2381^|^20050601^|^20050630^|^SAT^|^N
20060619^|^2378^|^20429^|^420^|^2382^|^20050601^|^20050630^|^SAT^|^N
20060620^|^2379^|^20430^|^421^|^2383^|^20050601^|^20050630^|^SAT^|^N
20060621^|^2380^|^20431^|^422^|^2384^|^20050601^|^20050630^|^SAT^|^N
20060622^|^2381^|^20432^|^423^|^2385^|^20050601^|^20050630^|^SAT^|^N
20060623^|^2382^|^20433^|^424^|^2386^|^20050601^|^20050630^|^SAT^|^N
20060624^|^2383^|^20434^|^425^|^2387^|^20050601^|^20050630^|^SAT^|^N
20060625^|^2384^|^20435^|^426^|^2388^|^20050601^|^20050630^|^SAT^|^N
20060626^|^2385^|^20436^|^427^|^2389^|^20050601^|^20050630^|^SAT^|^N
20060627^|^2386^|^20437^|^428^|^2390^|^20050601^|^20050630^|^SAT^|^N
20060628^|^2387^|^20438^|^429^|^2391^|^20050601^|^20050630^|^SAT^|^N
20060629^|^2388^|^20439^|^430^|^2392^|^20050601^|^20050630^|^SAT^|^N
20060630^|^2389^|^20440^|^431^|^2393^|^20050601^|^20050630^|^SAT^|^N
20060701^|^2390^|^20441^|^432^|^2394^|^20050601^|^20050630^|^SAT^|^N
20060702^|^2391^|^20442^|^433^|^2395^|^20050601^|^20050630^|^SAT^|^N
20060703^|^2392^|^20443^|^434^|^2396^|^20050601^|^20050630^|^SAT^|^N
20060704^|^2393^|^20444^|^435^|^2397^|^20050601^|^20050630^|^SAT^|^N
20060705^|^2394^|^20445^|^436^|^2398^|^20050601^|^20050630^|^SAT^|^N
20060706^|^2395^|^20446^|^437^|^2399^|^20050601^|^20050630^|^SAT^|^N
20060707^|^2396^|^20447^|^438^|^2400^|^20050601^|^20050630^|^SAT^|^N
20060708^|^2397^|^20448^|^439^|^2401^|^20050601^|^20050630^|^SAT^|^N
20060709^|^2398^|^20449^|^440^|^2402^|^20050601^|^20050630^|^SAT^|^N
20060710^|^2399^|^20450^|^441^|^2403^|^20050601^|^20050630^|^SAT^|^N
20060711^|^2400^|^20451^|^442^|^2404^|^20050601^|^20050630^|^SAT^|^N
20060712^|^2401^|^20452^|^443^|^2405^|^20050601^|^20050630^|^SAT^|^N
20060713^|^2402^|^20453^|^444^|^2406^|^20050601^|^20050630^|^SAT^|^N
20060714^|^2403^|^20454^|^445^|^2407^|^20050601^|^20050630^|^SAT^|^N
20060715^|^2404^|^20455^|^446^|^2408^|^20050601^|^20050630^|^SAT^|^N
20060716^|^2405^|^20456^|^447^|^2409^|^20050601^|^20050630^|^SAT^|^N
20060717^|^2406^|^20457^|^448^|^2410^|^20050601^|^20050630^|^SAT^|^N
20060718^|^2407^|^20458^|^449^|^2411^|^20050601^|^20050630^|^SAT^|^N
20060719^|^2408^|^20459^|^450^|^2412^|^20050601^|^20050630^|^SAT^|^N
20060720^|^2409^|^20460^|^451^|^2413^|^20050601^|^20050630^|^SAT^|^N
20060721^|^2410^|^20461^|^452^|^2414^|^20050601^|^20050630^|^SAT^|^N
20060722^|^2411^|^20462^|^453^|^2415^|^20050601^|^20050630^|^SAT^|^N
20060723^|^2412^|^20463^|^454^|^2416^|^20050601^|^20050630^|^SAT^|^N
20060724^|^2413^|^20464^|^455^|^2417^|^20050601^|^20050630^|^SAT^|^N
20060725^|^2414^|^20465^|^456^|^2418^|^20050601^|^20050630^|^SAT^|^N
20060726^|^2415^|^20466^|^457^|^2419^|^20050601^|^20050630^|^SAT^|^N
20060727^|^2416^|^20467^|^458^|^2420^|^20050601^|^20050630^|^SAT^|^N
20060728^|^2417^|^20468^|^459^|^2421^|^20050601^|^20050630^|^SAT^|^N
20060729^|^2418^|^20469^|^460^|^2422^|^20050601^|^20050630^|^SAT^|^N
20060730^|^2419^|^20470^|^461^|^2423^|^20050601^|^20050630^|^SAT^|^N
20060731^|^2420^|^20471^|^462^|^2424^|^20050601^|^20050630^|^SAT^|^N
20060801^|^2421^|^20472^|^463^|^2425^|^20050601^|^20050630^|^SAT^|^N
20060802^|^2422^|^20473^|^464^|^2426^|^20050601^|^20050630^|^SAT^|^N
20060803^|^2423^|^20474^|^465^|^2427^|^20050601^|^20050630^|^SAT^|^N
20060804^|^2424^|^20475^|^466^|^2428^|^20050601^|^20050630^|^SAT^|^N
20060805^|^2425^|^20476^|^467^|^2429^|^20050601^|^20050630^|^SAT^|^N
20060806^|^2426^|^20477^|^468^|^2430^|^20050601^|^20050630^|^SAT^|^N
20060807^|^2427^|^20478^|^469^|^2431^|^20050601^|^20050630^|^SAT^|^N
20060808^|^2428^|^20479^|^470^|^2432^|^20050601^|^20050630^|^SAT^|^N
20060809^|^2429^|^20480^|^471^|^2433^|^20050601^|^20050630^|^SAT^|^N
20060810^|^2430^|^20481^|^472^|^2434^|^20050601^|^20050630^|^SAT^|^N
20060811^|^2431^|^20482^|^473^|^2435^|^20050601^|^20050630^|^SAT^|^N
20060812^|^2432^|^20483^|^474^|^2436^|^20050601^|^20050630^|^SAT^|^N
20060813^|^2433^|^20484^|^475^|^2437^|^20050601^|^20050630^|^SAT^|^N
20060814^|^2434^|^20485^|^476^|^2438^|^20050601^|^20050630^|^SAT^|^N
20060815^|^2435^|^20486^|^477^|^2439^|^20050601^|^20050630^|^SAT^|^N
20060816^|^2436^|^20487^|^478^|^2440^|^20050601^|^20050630^|^SAT^|^N
20060817^|^2437^|^20488^|^479^|^2441^|^20050601^|^20050630^|^SAT^|^N
20060818^|^2438^|^20489^|^480^|^2442^|^20050601^|^20050630^|^SAT^|^N
20060819^|^2439^|^20490^|^481^|^2443^|^20050601^|^20050630^|^SAT^|^N
20060820^|^2440^|^20491^|^482^|^2444^|^20050601^|^20050630^|^SAT^|^N
20060821^|^2441^|^20492^|^483^|^2445^|^20050601^|^20050630^|^SAT^|^N
20060822^|^2442^|^20493^|^484^|^2446^|^20050601^|^20050630^|^SAT^|^N
20060823^|^2443^|^20494^|^485^|^2447^|^20050601^|^20050630^|^SAT^|^N
20060824^|^2444^|^20495^|^486^|^2448^|^20050601^|^20050630^|^SAT^|^N
20060825^|^2445^|^20496^|^487^|^2449^|^20050601^|^20050630^|^SAT^|^N
20060826^|^2446^|^20497^|^488^|^2450^|^20050601^|^20050630^|^SAT^|^N
20060827^|^2447^|^20498^|^489^|^2451^|^20050601^|^20050630^|^SAT^|^N
20060828^|^2448^|^20499^|^490^|^2452^|^20050601^|^20050630^|^SAT^|^N
20060829^|^2449^|^20500^|^491^|^2453^|^20050601^|^20050630^|^SAT^|^N
20060830^|^2450^|^20501^|^492^|^2454^|^20050601^|^20050630^|^SAT^|^N
20060831^|^2451^|^20502^|^493^|^2455^|^20050601^|^20050630^|^SAT^|^N
20060901^|^2452^|^20503^|^494^|^2456^|^20050601^|^20050630^|^SAT^|^N
20060902^|^2453^|^20504^|^495^|^2457^|^20050601^|^20050630^|^SAT^|^N
20060903^|^2454^|^20505^|^496^|^2458^|^20050601^|^20050630^|^SAT^|^N
20060904^|^2455^|^20506^|^497^|^2459^|^20050601^|^20050630^|^SAT^|^N
20060905^|^2456^|^20507^|^498^|^2460^|^20050601^|^20050630^|^SAT^|^N
20060906^|^2457^|^20508^|^499^|^2461^|^20050601^|^20050630^|^SAT^|^N
20060907^|^2458^|^20509^|^500^|^2462^|^20050601^|^20050630^|^SAT^|^N
20060908^|^2459^|^20510^|^501^|^2463^|^20050601^|^20050630^|^SAT^|^N
20060909^|^2460^|^20511^|^502^|^2464^|^20050601^|^20050630^|^SAT^|^N
20060910^|^2461^|^20512^|^503^|^2465^|^20050601^|^20050630^|^SAT^|^N
20060911^|^2462^|^20513^|^504^|^2466^|^20050601^|^20050630^|^SAT^|^N
20060912^|^2463^|^20514^|^505^|^2467^|^20050601^|^20050630^|^SAT^|^N
20060913^|^2464^|^20515^|^506^|^2468^|^20050601^|^20050630^|^SAT^|^N
20060914^|^2465^|^20516^|^507^|^2469^|^20050601^|^20050630^|^SAT^|^N
20060915^|^2466^|^20517^|^508^|^2470^|^20050601^|^20050630^|^SAT^|^N
20060916^|^2467^|^20518^|^509^|^2471^|^20050601^|^20050630^|^SAT^|^N
20060917^|^2468^|^20519^|^510^|^2472^|^20050601^|^20050630^|^SAT^|^N
20060918^|^2469^|^20520^|^511^|^2473^|^20050601^|^20050630^|^SAT^|^N
20060919^|^2470^|^20521^|^512^|^2474^|^20050601^|^20050630^|^SAT^|^N
20060920^|^2471^|^20522^|^513^|^2475^|^20050601^|^20050630^|^SAT^|^N
20060921^|^2472^|^20523^|^514^|^2476^|^20050601^|^20050630^|^SAT^|^N
20060922^|^2473^|^20524^|^515^|^2477^|^20050601^|^20050630^|^SAT^|^N
20060923^|^2474^|^20525^|^516^|^2478^|^20050601^|^20050630^|^SAT^|^N
20060924^|^2475^|^20526^|^517^|^2479^|^20050601^|^20050630^|^SAT^|^N
20060925^|^2476^|^20527^|^518^|^2480^|^20050601^|^20050630^|^SAT^|^N
20060926^|^2477^|^20528^|^519^|^2481^|^20050601^|^20050630^|^SAT^|^N
20060927^|^2478^|^20529^|^520^|^2482^|^20050601^|^20050630^|^SAT^|^N
20060928^|^2479^|^20530^|^521^|^2483^|^20050601^|^20050630^|^SAT^|^N
20060929^|^2480^|^20531^|^522^|^2484^|^20050601^|^20050630^|^SAT^|^N
20060930^|^2481^|^20532^|^523^|^2485^|^20050601^|^20050630^|^SAT^|^N
20061001^|^2482^|^20533^|^524^|^2486^|^20050601^|^20050630^|^SAT^|^N
20061002^|^2483^|^20534^|^525^|^2487^|^20050601^|^20050630^|^SAT^|^N
20061003^|^2484^|^20535^|^526^|^2488^|^20050601^|^20050630^|^SAT^|^N
20061004^|^2485^|^20536^|^527^|^2489^|^20050601^|^20050630^|^SAT^|^N
20061005^|^2486^|^20537^|^528^|^2490^|^20050601^|^20050630^|^SAT^|^N
20061006^|^2487^|^20538^|^529^|^2491^|^20050601^|^20050630^|^SAT^|^N
20061007^|^2488^|^20539^|^530^|^2492^|^20050601^|^20050630^|^SAT^|^N
20061008^|^2489^|^20540^|^531^|^2493^|^20050601^|^20050630^|^SAT^|^N
20061009^|^2490^|^20541^|^532^|^2494^|^20050601^|^20050630^|^SAT^|^N
20061010^|^2491^|^20542^|^533^|^2495^|^20050601^|^20050630^|^SAT^|^N
20061011^|^2492^|^20543^|^534^|^2496^|^20050601^|^20050630^|^SAT^|^N
20061012^|^2493^|^20544^|^535^|^2497^|^20050601^|^20050630^|^SAT^|^N
20061013^|^2494^|^20545^|^536^|^2498^|^20050601^|^20050630^|^SAT^|^N
20061014^|^2495^|^20546^|^537^|^2499^|^20050601^|^20050630^|^SAT^|^N
20061015^|^2496^|^20547^|^538^|^2500^|^20050601^|^20050630^|^SAT^|^N
20061016^|^2497^|^20548^|^539^|^2501^|^20050601^|^20050630^|^SAT^|^N
20061017^|^2498^|^20549^|^540^|^2502^|^20050601^|^20050630^|^SAT^|^N
20061018^|^2499^|^20550^|^541^|^2503^|^20050601^|^20050630^|^SAT^|^N
20061019^|^2500^|^20551^|^542^|^2504^|^20050601^|^20050630^|^SAT^|^N
20061020^|^2501^|^20552^|^543^|^2505^|^20050601^|^20050630^|^SAT^|^N
20061021^|^2502^|^20553^|^544^|^2506^|^20050601^|^20050630^|^SAT^|^N
20061022^|^2503^|^20554^|^545^|^2507^|^20050601^|^20050630^|^SAT^|^N
20061023^|^2504^|^20555^|^546^|^2508^|^20050601^|^20050630^|^SAT^|^N
20061024^|^2505^|^20556^|^547^|^2509^|^20050601^|^20050630^|^SAT^|^N
20061025^|^2506^|^20557^|^548^|^2510^|^20050601^|^20050630^|^SAT^|^N
20061026^|^2507^|^20558^|^549^|^2511^|^20050601^|^20050630^|^SAT^|^N
20061027^|^2508^|^20559^|^550^|^2512^|^20050601^|^20050630^|^SAT^|^N
20061028^|^2509^|^20560^|^551^|^2513^|^20050601^|^20050630^|^SAT^|^N
20061029^|^2510^|^20561^|^552^|^2514^|^20050601^|^20050630^|^SAT^|^N
20061030^|^2511^|^20562^|^553^|^2515^|^20050601^|^20050630^|^SAT^|^N
20061031^|^2512^|^20563^|^554^|^2516^|^20050601^|^20050630^|^SAT^|^N
20061101^|^2513^|^20564^|^555^|^2517^|^20050601^|^20050630^|^SAT^|^N
20061102^|^2514^|^20565^|^556^|^2518^|^20050601^|^20050630^|^SAT^|^N
20061103^|^2515^|^20566^|^557^|^2519^|^20050601^|^20050630^|^SAT^|^N
20061104^|^2516^|^20567^|^558^|^2520^|^20050601^|^20050630^|^SAT^|^N
20061105^|^2517^|^20568^|^559^|^2521^|^20050601^|^20050630^|^SAT^|^N
20061106^|^2518^|^20569^|^560^|^2522^|^20050601^|^20050630^|^SAT^|^N
20061107^|^2519^|^20570^|^561^|^2523^|^20050601^|^20050630^|^SAT^|^N
20061108^|^2520^|^20571^|^562^|^2524^|^20050601^|^20050630^|^SAT^|^N
20061109^|^2521^|^20572^|^563^|^2525^|^20050601^|^20050630^|^SAT^|^N
20061110^|^2522^|^20573^|^564^|^2526^|^20050601^|^20050630^|^SAT^|^N
20061111^|^2523^|^20574^|^565^|^2527^|^20050601^|^20050630^|^SAT^|^N
20061112^|^2524^|^20575^|^566^|^2528^|^20050601^|^20050630^|^SAT^|^N
20061113^|^2525^|^20576^|^567^|^2529^|^20050601^|^20050630^|^SAT^|^N
20061114^|^2526^|^20577^|^568^|^2530^|^20050601^|^20050630^|^SAT^|^N
20061115^|^2527^|^20578^|^569^|^2531^|^20050601^|^20050630^|^SAT^|^N
20061116^|^2528^|^20579^|^570^|^2532^|^20050601^|^20050630^|^SAT^|^N
20061117^|^2529^|^20580^|^571^|^2533^|^20050601^|^20050630^|^SAT^|^N
20061118^|^2530^|^20581^|^572^|^2534^|^20050601^|^20050630^|^SAT^|^N
20061119^|^2531^|^20582^|^573^|^2535^|^20050601^|^20050630^|^SAT^|^N
20061120^|^2532^|^20583^|^574^|^2536^|^20050601^|^20050630^|^SAT^|^N
20061121^|^2533^|^20584^|^575^|^2537^|^20050601^|^20050630^|^SAT^|^N
20061122^|^2534^|^20585^|^576^|^2538^|^20050601^|^20050630^|^SAT^|^N
20061123^|^2535^|^20586^|^577^|^2539^|^20050601^|^20050630^|^SAT^|^N
20061124^|^2536^|^20587^|^578^|^2540^|^20050601^|^20050630^|^SAT^|^N
20061125^|^2537^|^20588^|^579^|^2541^|^20050601^|^20050630^|^SAT^|^N
20061126^|^2538^|^20589^|^580^|^2542^|^20050601^|^20050630^|^SAT^|^N
20061127^|^2539^|^20590^|^581^|^2543^|^20050601^|^20050630^|^SAT^|^N
20061128^|^2540^|^20591^|^582^|^2544^|^20050601^|^20050630^|^SAT^|^N
20061129^|^2541^|^20592^|^583^|^2545^|^20050601^|^20050630^|^SAT^|^N
20061130^|^2542^|^20593^|^584^|^2546^|^20050601^|^20050630^|^SAT^|^N
20061201^|^2543^|^20594^|^585^|^2547^|^20050601^|^20050630^|^SAT^|^N
20061202^|^2544^|^20595^|^586^|^2548^|^20050601^|^20050630^|^SAT^|^N
20061203^|^2545^|^20596^|^587^|^2549^|^20050601^|^20050630^|^SAT^|^N
20061204^|^2546^|^20597^|^588^|^2550^|^20050601^|^20050630^|^SAT^|^N
20061205^|^2547^|^20598^|^589^|^2551^|^20050601^|^20050630^|^SAT^|^N
20061206^|^2548^|^20599^|^590^|^2552^|^20050601^|^20050630^|^SAT^|^N
20061207^|^2549^|^20600^|^591^|^2553^|^20050601^|^20050630^|^SAT^|^N
20061208^|^2550^|^20601^|^592^|^2554^|^20050601^|^20050630^|^SAT^|^N
20061209^|^2551^|^20602^|^593^|^2555^|^20050601^|^20050630^|^SAT^|^N
20061210^|^2552^|^20603^|^594^|^2556^|^20050601^|^20050630^|^SAT^|^N
20061211^|^2553^|^20604^|^595^|^2557^|^20050601^|^20050630^|^SAT^|^N
20061212^|^2554^|^20605^|^596^|^2558^|^20050601^|^20050630^|^SAT^|^N
20061213^|^2555^|^20606^|^597^|^2559^|^20050601^|^20050630^|^SAT^|^N
20061214^|^2556^|^20607^|^598^|^2560^|^20050601^|^20050630^|^SAT^|^N
20061215^|^2557^|^20608^|^599^|^2561^|^20050601^|^20050630^|^SAT^|^N
20061216^|^2558^|^20609^|^600^|^2562^|^20050601^|^20050630^|^SAT^|^N
20061217^|^2559^|^20610^|^601^|^2563^|^20050601^|^20050630^|^SAT^|^N
20061218^|^2560^|^20611^|^602^|^2564^|^20050601^|^20050630^|^SAT^|^N
20061219^|^2561^|^20612^|^603^|^2565^|^20050601^|^20050630^|^SAT^|^N
20061220^|^2562^|^20613^|^604^|^2566^|^20050601^|^20050630^|^SAT^|^N
20061221^|^2563^|^20614^|^605^|^2567^|^20050601^|^20050630^|^SAT^|^N
20061222^|^2564^|^20615^|^606^|^2568^|^20050601^|^20050630^|^SAT^|^N
20061223^|^2565^|^20616^|^607^|^2569^|^20050601^|^20050630^|^SAT^|^N
20061224^|^2566^|^20617^|^608^|^2570^|^20050601^|^20050630^|^SAT^|^N
20061225^|^2567^|^20618^|^609^|^2571^|^20050601^|^20050630^|^SAT^|^N
20061226^|^2568^|^20619^|^610^|^2572^|^20050601^|^20050630^|^SAT^|^N
20061227^|^2569^|^20620^|^611^|^2573^|^20050601^|^20050630^|^SAT^|^N
20061228^|^2570^|^20621^|^612^|^2574^|^20050601^|^20050630^|^SAT^|^N
20061229^|^2571^|^20622^|^613^|^2575^|^20050601^|^20050630^|^SAT^|^N
20061230^|^2572^|^20623^|^614^|^2576^|^20050601^|^20050630^|^SAT^|^N
20061231^|^2573^|^20624^|^615^|^2577^|^20050601^|^20050630^|^SAT^|^N
20070101^|^2574^|^20625^|^616^|^2578^|^20050601^|^20050630^|^SAT^|^N
20070102^|^2575^|^20626^|^617^|^2579^|^20050601^|^20050630^|^SAT^|^N
20070103^|^2576^|^20627^|^618^|^2580^|^20050601^|^20050630^|^SAT^|^N
20070104^|^2577^|^20628^|^619^|^2581^|^20050601^|^20050630^|^SAT^|^N
20070105^|^2578^|^20629^|^620^|^2582^|^20050601^|^20050630^|^SAT^|^N
20070106^|^2579^|^20630^|^621^|^2583^|^20050601^|^20050630^|^SAT^|^N
20070107^|^2580^|^20631^|^622^|^2584^|^20050601^|^20050630^|^SAT^|^N
20070108^|^2581^|^20632^|^623^|^2585^|^20050601^|^20050630^|^SAT^|^N
20070109^|^2582^|^20633^|^624^|^2586^|^20050601^|^20050630^|^SAT^|^N
20070110^|^2583^|^20634^|^625^|^2587^|^20050601^|^20050630^|^SAT^|^N
20070111^|^2584^|^20635^|^626^|^2588^|^20050601^|^20050630^|^SAT^|^N
20070112^|^2585^|^20636^|^627^|^2589^|^20050601^|^20050630^|^SAT^|^N
20070113^|^2586^|^20637^|^628^|^2590^|^20050601^|^20050630^|^SAT^|^N
20070114^|^2587^|^20638^|^629^|^2591^|^20050601^|^20050630^|^SAT^|^N
20070115^|^2588^|^20639^|^630^|^2592^|^20050601^|^20050630^|^SAT^|^N
20070116^|^2589^|^20640^|^631^|^2593^|^20050601^|^20050630^|^SAT^|^N
20070117^|^2590^|^20641^|^632^|^2594^|^20050601^|^20050630^|^SAT^|^N
20070118^|^2591^|^20642^|^633^|^2595^|^20050601^|^20050630^|^SAT^|^N
20070119^|^2592^|^20643^|^634^|^2596^|^20050601^|^20050630^|^SAT^|^N
20070120^|^2593^|^20644^|^635^|^2597^|^20050601^|^20050630^|^SAT^|^N
20070121^|^2594^|^20645^|^636^|^2598^|^20050601^|^20050630^|^SAT^|^N
20070122^|^2595^|^20646^|^637^|^2599^|^20050601^|^20050630^|^SAT^|^N
20070123^|^2596^|^20647^|^638^|^2600^|^20050601^|^20050630^|^SAT^|^N
20070124^|^2597^|^20648^|^639^|^2601^|^20050601^|^20050630^|^SAT^|^N
20070125^|^2598^|^20649^|^640^|^2602^|^20050601^|^20050630^|^SAT^|^N
20070126^|^2599^|^20650^|^641^|^2603^|^20050601^|^20050630^|^SAT^|^N
20070127^|^2600^|^20651^|^642^|^2604^|^20050601^|^20050630^|^SAT^|^N
20070128^|^2601^|^20652^|^643^|^2605^|^20050601^|^20050630^|^SAT^|^N
20070129^|^2602^|^20653^|^644^|^2606^|^20050601^|^20050630^|^SAT^|^N
20070130^|^2603^|^20654^|^645^|^2607^|^20050601^|^20050630^|^SAT^|^N
20070131^|^2604^|^20655^|^646^|^2608^|^20050601^|^20050630^|^SAT^|^N
20070201^|^2605^|^20656^|^647^|^2609^|^20050601^|^20050630^|^SAT^|^N
20070202^|^2606^|^20657^|^648^|^2610^|^20050601^|^20050630^|^SAT^|^N
20070203^|^2607^|^20658^|^649^|^2611^|^20050601^|^20050630^|^SAT^|^N
20070204^|^2608^|^20659^|^650^|^2612^|^20050601^|^20050630^|^SAT^|^N
20070205^|^2609^|^20660^|^651^|^2613^|^20050601^|^20050630^|^SAT^|^N
20070206^|^2610^|^20661^|^652^|^2614^|^20050601^|^20050630^|^SAT^|^N
20070207^|^2611^|^20662^|^653^|^2615^|^20050601^|^20050630^|^SAT^|^N
20070208^|^2612^|^20663^|^654^|^2616^|^20050601^|^20050630^|^SAT^|^N
20070209^|^2613^|^20664^|^655^|^2617^|^20050601^|^20050630^|^SAT^|^N
20070210^|^2614^|^20665^|^656^|^2618^|^20050601^|^20050630^|^SAT^|^N
20070211^|^2615^|^20666^|^657^|^2619^|^20050601^|^20050630^|^SAT^|^N
20070212^|^2616^|^20667^|^658^|^2620^|^20050601^|^20050630^|^SAT^|^N
20070213^|^2617^|^20668^|^659^|^2621^|^20050601^|^20050630^|^SAT^|^N
20070214^|^2618^|^20669^|^660^|^2622^|^20050601^|^20050630^|^SAT^|^N
20070215^|^2619^|^20670^|^661^|^2623^|^20050601^|^20050630^|^SAT^|^N
20070216^|^2620^|^20671^|^662^|^2624^|^20050601^|^20050630^|^SAT^|^N
20070217^|^2621^|^20672^|^663^|^2625^|^20050601^|^20050630^|^SAT^|^N
20070218^|^2622^|^20673^|^664^|^2626^|^20050601^|^20050630^|^SAT^|^N
20070219^|^2623^|^20674^|^665^|^2627^|^20050601^|^20050630^|^SAT^|^N
20070220^|^2624^|^20675^|^666^|^2628^|^20050601^|^20050630^|^SAT^|^N
20070221^|^2625^|^20676^|^667^|^2629^|^20050601^|^20050630^|^SAT^|^N
20070222^|^2626^|^20677^|^668^|^2630^|^20050601^|^20050630^|^SAT^|^N
20070223^|^2627^|^20678^|^669^|^2631^|^20050601^|^20050630^|^SAT^|^N
20070224^|^2628^|^20679^|^670^|^2632^|^20050601^|^20050630^|^SAT^|^N
20070225^|^2629^|^20680^|^671^|^2633^|^20050601^|^20050630^|^SAT^|^N
20070226^|^2630^|^20681^|^672^|^2634^|^20050601^|^20050630^|^SAT^|^N
20070227^|^2631^|^20682^|^673^|^2635^|^20050601^|^20050630^|^SAT^|^N
20070228^|^2632^|^20683^|^674^|^2636^|^20050601^|^20050630^|^SAT^|^N
20070301^|^2633^|^20684^|^675^|^2637^|^20050601^|^20050630^|^SAT^|^N
20070302^|^2634^|^20685^|^676^|^2638^|^20050601^|^20050630^|^SAT^|^N
20070303^|^2635^|^20686^|^677^|^2639^|^20050601^|^20050630^|^SAT^|^N
20070304^|^2636^|^20687^|^678^|^2640^|^20050601^|^20050630^|^SAT^|^N
20070305^|^2637^|^20688^|^679^|^2641^|^20050601^|^20050630^|^SAT^|^N
20070306^|^2638^|^20689^|^680^|^2642^|^20050601^|^20050630^|^SAT^|^N
20070307^|^2639^|^20690^|^681^|^2643^|^20050601^|^20050630^|^SAT^|^N
20070308^|^2640^|^20691^|^682^|^2644^|^20050601^|^20050630^|^SAT^|^N
20070309^|^2641^|^20692^|^683^|^2645^|^20050601^|^20050630^|^SAT^|^N
20070310^|^2642^|^20693^|^684^|^2646^|^20050601^|^20050630^|^SAT^|^N
20070311^|^2643^|^20694^|^685^|^2647^|^20050601^|^20050630^|^SAT^|^N
20070312^|^2644^|^20695^|^686^|^2648^|^20050601^|^20050630^|^SAT^|^N
20070313^|^2645^|^20696^|^687^|^2649^|^20050601^|^20050630^|^SAT^|^N
20070314^|^2646^|^20697^|^688^|^2650^|^20050601^|^20050630^|^SAT^|^N
20070315^|^2647^|^20698^|^689^|^2651^|^20050601^|^20050630^|^SAT^|^N
20070316^|^2648^|^20699^|^690^|^2652^|^20050601^|^20050630^|^SAT^|^N
20070317^|^2649^|^20700^|^691^|^2653^|^20050601^|^20050630^|^SAT^|^N
20070318^|^2650^|^20701^|^692^|^2654^|^20050601^|^20050630^|^SAT^|^N
20070319^|^2651^|^20702^|^693^|^2655^|^20050601^|^20050630^|^SAT^|^N
20070320^|^2652^|^20703^|^694^|^2656^|^20050601^|^20050630^|^SAT^|^N
20070321^|^2653^|^20704^|^695^|^2657^|^20050601^|^20050630^|^SAT^|^N
20070322^|^2654^|^20705^|^696^|^2658^|^20050601^|^20050630^|^SAT^|^N
20070323^|^2655^|^20706^|^697^|^2659^|^20050601^|^20050630^|^SAT^|^N
20070324^|^2656^|^20707^|^698^|^2660^|^20050601^|^20050630^|^SAT^|^N
20070325^|^2657^|^20708^|^699^|^2661^|^20050601^|^20050630^|^SAT^|^N
20070326^|^2658^|^20709^|^700^|^2662^|^20050601^|^20050630^|^SAT^|^N
20070327^|^2659^|^20710^|^701^|^2663^|^20050601^|^20050630^|^SAT^|^N
20070328^|^2660^|^20711^|^702^|^2664^|^20050601^|^20050630^|^SAT^|^N
20070329^|^2661^|^20712^|^703^|^2665^|^20050601^|^20050630^|^SAT^|^N
20070330^|^2662^|^20713^|^704^|^2666^|^20050601^|^20050630^|^SAT^|^N
20070331^|^2663^|^20714^|^705^|^2667^|^20050601^|^20050630^|^SAT^|^N
20070401^|^2664^|^20715^|^706^|^2668^|^20050601^|^20050630^|^SAT^|^N
20070402^|^2665^|^20716^|^707^|^2669^|^20050601^|^20050630^|^SAT^|^N
20070403^|^2666^|^20717^|^708^|^2670^|^20050601^|^20050630^|^SAT^|^N
20070404^|^2667^|^20718^|^709^|^2671^|^20050601^|^20050630^|^SAT^|^N
20070405^|^2668^|^20719^|^710^|^2672^|^20050601^|^20050630^|^SAT^|^N
20070406^|^2669^|^20720^|^711^|^2673^|^20050601^|^20050630^|^SAT^|^N
20070407^|^2670^|^20721^|^712^|^2674^|^20050601^|^20050630^|^SAT^|^N
20070408^|^2671^|^20722^|^713^|^2675^|^20050601^|^20050630^|^SAT^|^N
20070409^|^2672^|^20723^|^714^|^2676^|^20050601^|^20050630^|^SAT^|^N
20070410^|^2673^|^20724^|^715^|^2677^|^20050601^|^20050630^|^SAT^|^N
20070411^|^2674^|^20725^|^716^|^2678^|^20050601^|^20050630^|^SAT^|^N
20070412^|^2675^|^20726^|^717^|^2679^|^20050601^|^20050630^|^SAT^|^N
20070413^|^2676^|^20727^|^718^|^2680^|^20050601^|^20050630^|^SAT^|^N
20070414^|^2677^|^20728^|^719^|^2681^|^20050601^|^20050630^|^SAT^|^N
20070415^|^2678^|^20729^|^720^|^2682^|^20050601^|^20050630^|^SAT^|^N
20070416^|^2679^|^20730^|^721^|^2683^|^20050601^|^20050630^|^SAT^|^N
20070417^|^2680^|^20731^|^722^|^2684^|^20050601^|^20050630^|^SAT^|^N
20070418^|^2681^|^20732^|^723^|^2685^|^20050601^|^20050630^|^SAT^|^N
20070419^|^2682^|^20733^|^724^|^2686^|^20050601^|^20050630^|^SAT^|^N
20070420^|^2683^|^20734^|^725^|^2687^|^20050601^|^20050630^|^SAT^|^N
20070421^|^2684^|^20735^|^726^|^2688^|^20050601^|^20050630^|^SAT^|^N
20070422^|^2685^|^20736^|^727^|^2689^|^20050601^|^20050630^|^SAT^|^N
20070423^|^2686^|^20737^|^728^|^2690^|^20050601^|^20050630^|^SAT^|^N
20070424^|^2687^|^20738^|^729^|^2691^|^20050601^|^20050630^|^SAT^|^N
20070425^|^2688^|^20739^|^730^|^2692^|^20050601^|^20050630^|^SAT^|^N
20070426^|^2689^|^20740^|^731^|^2693^|^20050601^|^20050630^|^SAT^|^N
20070427^|^2690^|^20741^|^732^|^2694^|^20050601^|^20050630^|^SAT^|^N
20070428^|^2691^|^20742^|^733^|^2695^|^20050601^|^20050630^|^SAT^|^N
20070429^|^2692^|^20743^|^734^|^2696^|^20050601^|^20050630^|^SAT^|^N
20070430^|^2693^|^20744^|^735^|^2697^|^20050601^|^20050630^|^SAT^|^N
20070501^|^2694^|^20745^|^736^|^2698^|^20050601^|^20050630^|^SAT^|^N
20070502^|^2695^|^20746^|^737^|^2699^|^20050601^|^20050630^|^SAT^|^N
20070503^|^2696^|^20747^|^738^|^2700^|^20050601^|^20050630^|^SAT^|^N
20070504^|^2697^|^20748^|^739^|^2701^|^20050601^|^20050630^|^SAT^|^N
20070505^|^2698^|^20749^|^740^|^2702^|^20050601^|^20050630^|^SAT^|^N
20070506^|^2699^|^20750^|^741^|^2703^|^20050601^|^20050630^|^SAT^|^N
20070507^|^2700^|^20751^|^742^|^2704^|^20050601^|^20050630^|^SAT^|^N
20070508^|^2701^|^20752^|^743^|^2705^|^20050601^|^20050630^|^SAT^|^N
20070509^|^2702^|^20753^|^744^|^2706^|^20050601^|^20050630^|^SAT^|^N
20070510^|^2703^|^20754^|^745^|^2707^|^20050601^|^20050630^|^SAT^|^N
20070511^|^2704^|^20755^|^746^|^2708^|^20050601^|^20050630^|^SAT^|^N
20070512^|^2705^|^20756^|^747^|^2709^|^20050601^|^20050630^|^SAT^|^N
20070513^|^2706^|^20757^|^748^|^2710^|^20050601^|^20050630^|^SAT^|^N
20070514^|^2707^|^20758^|^749^|^2711^|^20050601^|^20050630^|^SAT^|^N
20070515^|^2708^|^20759^|^750^|^2712^|^20050601^|^20050630^|^SAT^|^N
20070516^|^2709^|^20760^|^751^|^2713^|^20050601^|^20050630^|^SAT^|^N
20070517^|^2710^|^20761^|^752^|^2714^|^20050601^|^20050630^|^SAT^|^N
20070518^|^2711^|^20762^|^753^|^2715^|^20050601^|^20050630^|^SAT^|^N
20070519^|^2712^|^20763^|^754^|^2716^|^20050601^|^20050630^|^SAT^|^N
20070520^|^2713^|^20764^|^755^|^2717^|^20050601^|^20050630^|^SAT^|^N
20070521^|^2714^|^20765^|^756^|^2718^|^20050601^|^20050630^|^SAT^|^N
20070522^|^2715^|^20766^|^757^|^2719^|^20050601^|^20050630^|^SAT^|^N
20070523^|^2716^|^20767^|^758^|^2720^|^20050601^|^20050630^|^SAT^|^N
20070524^|^2717^|^20768^|^759^|^2721^|^20050601^|^20050630^|^SAT^|^N
20070525^|^2718^|^20769^|^760^|^2722^|^20050601^|^20050630^|^SAT^|^N
20070526^|^2719^|^20770^|^761^|^2723^|^20050601^|^20050630^|^SAT^|^N
20070527^|^2720^|^20771^|^762^|^2724^|^20050601^|^20050630^|^SAT^|^N
20070528^|^2721^|^20772^|^763^|^2725^|^20050601^|^20050630^|^SAT^|^N
20070529^|^2722^|^20773^|^764^|^2726^|^20050601^|^20050630^|^SAT^|^N
20070530^|^2723^|^20774^|^765^|^2727^|^20050601^|^20050630^|^SAT^|^N
20070531^|^2724^|^20775^|^766^|^2728^|^20050601^|^20050630^|^SAT^|^N
20070601^|^2725^|^20776^|^767^|^2729^|^20050601^|^20050630^|^SAT^|^N
20070602^|^2726^|^20777^|^768^|^2730^|^20050601^|^20050630^|^SAT^|^N
20070603^|^2727^|^20778^|^769^|^2731^|^20050601^|^20050630^|^SAT^|^N
20070604^|^2728^|^20779^|^770^|^2732^|^20050601^|^20050630^|^SAT^|^N
20070605^|^2729^|^20780^|^771^|^2733^|^20050601^|^20050630^|^SAT^|^N
20070606^|^2730^|^20781^|^772^|^2734^|^20050601^|^20050630^|^SAT^|^N
20070607^|^2731^|^20782^|^773^|^2735^|^20050601^|^20050630^|^SAT^|^N
20070608^|^2732^|^20783^|^774^|^2736^|^20050601^|^20050630^|^SAT^|^N
20070609^|^2733^|^20784^|^775^|^2737^|^20050601^|^20050630^|^SAT^|^N
20070610^|^2734^|^20785^|^776^|^2738^|^20050601^|^20050630^|^SAT^|^N
20070611^|^2735^|^20786^|^777^|^2739^|^20050601^|^20050630^|^SAT^|^N
20070612^|^2736^|^20787^|^778^|^2740^|^20050601^|^20050630^|^SAT^|^N
20070613^|^2737^|^20788^|^779^|^2741^|^20050601^|^20050630^|^SAT^|^N
20070614^|^2738^|^20789^|^780^|^2742^|^20050601^|^20050630^|^SAT^|^N
20070615^|^2739^|^20790^|^781^|^2743^|^20050601^|^20050630^|^SAT^|^N
20070616^|^2740^|^20791^|^782^|^2744^|^20050601^|^20050630^|^SAT^|^N
20070617^|^2741^|^20792^|^783^|^2745^|^20050601^|^20050630^|^SAT^|^N
20070618^|^2742^|^20793^|^784^|^2746^|^20050601^|^20050630^|^SAT^|^N
20070619^|^2743^|^20794^|^785^|^2747^|^20050601^|^20050630^|^SAT^|^N
20070620^|^2744^|^20795^|^786^|^2748^|^20050601^|^20050630^|^SAT^|^N
20070621^|^2745^|^20796^|^787^|^2749^|^20050601^|^20050630^|^SAT^|^N
20070622^|^2746^|^20797^|^788^|^2750^|^20050601^|^20050630^|^SAT^|^N
20070623^|^2747^|^20798^|^789^|^2751^|^20050601^|^20050630^|^SAT^|^N
20070624^|^2748^|^20799^|^790^|^2752^|^20050601^|^20050630^|^SAT^|^N
20070625^|^2749^|^20800^|^791^|^2753^|^20050601^|^20050630^|^SAT^|^N
20070626^|^2750^|^20801^|^792^|^2754^|^20050601^|^20050630^|^SAT^|^N
20070627^|^2751^|^20802^|^793^|^2755^|^20050601^|^20050630^|^SAT^|^N
20070628^|^2752^|^20803^|^794^|^2756^|^20050601^|^20050630^|^SAT^|^N
20070629^|^2753^|^20804^|^795^|^2757^|^20050601^|^20050630^|^SAT^|^N
20070630^|^2754^|^20805^|^796^|^2758^|^20050601^|^20050630^|^SAT^|^N
20070701^|^2755^|^20806^|^797^|^2759^|^20050601^|^20050630^|^SAT^|^N
20070702^|^2756^|^20807^|^798^|^2760^|^20050601^|^20050630^|^SAT^|^N
20070703^|^2757^|^20808^|^799^|^2761^|^20050601^|^20050630^|^SAT^|^N
20070704^|^2758^|^20809^|^800^|^2762^|^20050601^|^20050630^|^SAT^|^N
20070705^|^2759^|^20810^|^801^|^2763^|^20050601^|^20050630^|^SAT^|^N
20070706^|^2760^|^20811^|^802^|^2764^|^20050601^|^20050630^|^SAT^|^N
20070707^|^2761^|^20812^|^803^|^2765^|^20050601^|^20050630^|^SAT^|^N
20070708^|^2762^|^20813^|^804^|^2766^|^20050601^|^20050630^|^SAT^|^N
20070709^|^2763^|^20814^|^805^|^2767^|^20050601^|^20050630^|^SAT^|^N
20070710^|^2764^|^20815^|^806^|^2768^|^20050601^|^20050630^|^SAT^|^N
20070711^|^2765^|^20816^|^807^|^2769^|^20050601^|^20050630^|^SAT^|^N
20070712^|^2766^|^20817^|^808^|^2770^|^20050601^|^20050630^|^SAT^|^N
20070713^|^2767^|^20818^|^809^|^2771^|^20050601^|^20050630^|^SAT^|^N
20070714^|^2768^|^20819^|^810^|^2772^|^20050601^|^20050630^|^SAT^|^N
20070715^|^2769^|^20820^|^811^|^2773^|^20050601^|^20050630^|^SAT^|^N
20070716^|^2770^|^20821^|^812^|^2774^|^20050601^|^20050630^|^SAT^|^N
20070717^|^2771^|^20822^|^813^|^2775^|^20050601^|^20050630^|^SAT^|^N
20070718^|^2772^|^20823^|^814^|^2776^|^20050601^|^20050630^|^SAT^|^N
20070719^|^2773^|^20824^|^815^|^2777^|^20050601^|^20050630^|^SAT^|^N
20070720^|^2774^|^20825^|^816^|^2778^|^20050601^|^20050630^|^SAT^|^N
20070721^|^2775^|^20826^|^817^|^2779^|^20050601^|^20050630^|^SAT^|^N
20070722^|^2776^|^20827^|^818^|^2780^|^20050601^|^20050630^|^SAT^|^N
20070723^|^2777^|^20828^|^819^|^2781^|^20050601^|^20050630^|^SAT^|^N
20070724^|^2778^|^20829^|^820^|^2782^|^20050601^|^20050630^|^SAT^|^N
20070725^|^2779^|^20830^|^821^|^2783^|^20050601^|^20050630^|^SAT^|^N
20070726^|^2780^|^20831^|^822^|^2784^|^20050601^|^20050630^|^SAT^|^N
20070727^|^2781^|^20832^|^823^|^2785^|^20050601^|^20050630^|^SAT^|^N
20070728^|^2782^|^20833^|^824^|^2786^|^20050601^|^20050630^|^SAT^|^N
20070729^|^2783^|^20834^|^825^|^2787^|^20050601^|^20050630^|^SAT^|^N
20070730^|^2784^|^20835^|^826^|^2788^|^20050601^|^20050630^|^SAT^|^N
20070731^|^2785^|^20836^|^827^|^2789^|^20050601^|^20050630^|^SAT^|^N
20070801^|^2786^|^20837^|^828^|^2790^|^20050601^|^20050630^|^SAT^|^N
20070802^|^2787^|^20838^|^829^|^2791^|^20050601^|^20050630^|^SAT^|^N
20070803^|^2788^|^20839^|^830^|^2792^|^20050601^|^20050630^|^SAT^|^N
20070804^|^2789^|^20840^|^831^|^2793^|^20050601^|^20050630^|^SAT^|^N
20070805^|^2790^|^20841^|^832^|^2794^|^20050601^|^20050630^|^SAT^|^N
20070806^|^2791^|^20842^|^833^|^2795^|^20050601^|^20050630^|^SAT^|^N
20070807^|^2792^|^20843^|^834^|^2796^|^20050601^|^20050630^|^SAT^|^N
20070808^|^2793^|^20844^|^835^|^2797^|^20050601^|^20050630^|^SAT^|^N
20070809^|^2794^|^20845^|^836^|^2798^|^20050601^|^20050630^|^SAT^|^N
20070810^|^2795^|^20846^|^837^|^2799^|^20050601^|^20050630^|^SAT^|^N
20070811^|^2796^|^20847^|^838^|^2800^|^20050601^|^20050630^|^SAT^|^N
20070812^|^2797^|^20848^|^839^|^2801^|^20050601^|^20050630^|^SAT^|^N
20070813^|^2798^|^20849^|^840^|^2802^|^20050601^|^20050630^|^SAT^|^N
20070814^|^2799^|^20850^|^841^|^2803^|^20050601^|^20050630^|^SAT^|^N
20070815^|^2800^|^20851^|^842^|^2804^|^20050601^|^20050630^|^SAT^|^N
20070816^|^2801^|^20852^|^843^|^2805^|^20050601^|^20050630^|^SAT^|^N
20070817^|^2802^|^20853^|^844^|^2806^|^20050601^|^20050630^|^SAT^|^N
20070818^|^2803^|^20854^|^845^|^2807^|^20050601^|^20050630^|^SAT^|^N
20070819^|^2804^|^20855^|^846^|^2808^|^20050601^|^20050630^|^SAT^|^N
20070820^|^2805^|^20856^|^847^|^2809^|^20050601^|^20050630^|^SAT^|^N
20070821^|^2806^|^20857^|^848^|^2810^|^20050601^|^20050630^|^SAT^|^N
20070822^|^2807^|^20858^|^849^|^2811^|^20050601^|^20050630^|^SAT^|^N
20070823^|^2808^|^20859^|^850^|^2812^|^20050601^|^20050630^|^SAT^|^N
20070824^|^2809^|^20860^|^851^|^2813^|^20050601^|^20050630^|^SAT^|^N
20070825^|^2810^|^20861^|^852^|^2814^|^20050601^|^20050630^|^SAT^|^N
20070826^|^2811^|^20862^|^853^|^2815^|^20050601^|^20050630^|^SAT^|^N
20070827^|^2812^|^20863^|^854^|^2816^|^20050601^|^20050630^|^SAT^|^N
20070828^|^2813^|^20864^|^855^|^2817^|^20050601^|^20050630^|^SAT^|^N
20070829^|^2814^|^20865^|^856^|^2818^|^20050601^|^20050630^|^SAT^|^N
20070830^|^2815^|^20866^|^857^|^2819^|^20050601^|^20050630^|^SAT^|^N
20070831^|^2816^|^20867^|^858^|^2820^|^20050601^|^20050630^|^SAT^|^N
20070901^|^2817^|^20868^|^859^|^2821^|^20050601^|^20050630^|^SAT^|^N
20070902^|^2818^|^20869^|^860^|^2822^|^20050601^|^20050630^|^SAT^|^N
20070903^|^2819^|^20870^|^861^|^2823^|^20050601^|^20050630^|^SAT^|^N
20070904^|^2820^|^20871^|^862^|^2824^|^20050601^|^20050630^|^SAT^|^N
20070905^|^2821^|^20872^|^863^|^2825^|^20050601^|^20050630^|^SAT^|^N
20070906^|^2822^|^20873^|^864^|^2826^|^20050601^|^20050630^|^SAT^|^N
20070907^|^2823^|^20874^|^865^|^2827^|^20050601^|^20050630^|^SAT^|^N
20070908^|^2824^|^20875^|^866^|^2828^|^20050601^|^20050630^|^SAT^|^N
20070909^|^2825^|^20876^|^867^|^2829^|^20050601^|^20050630^|^SAT^|^N
20070910^|^2826^|^20877^|^868^|^2830^|^20050601^|^20050630^|^SAT^|^N
20070911^|^2827^|^20878^|^869^|^2831^|^20050601^|^20050630^|^SAT^|^N
20070912^|^2828^|^20879^|^870^|^2832^|^20050601^|^20050630^|^SAT^|^N
20070913^|^2829^|^20880^|^871^|^2833^|^20050601^|^20050630^|^SAT^|^N
20070914^|^2830^|^20881^|^872^|^2834^|^20050601^|^20050630^|^SAT^|^N
20070915^|^2831^|^20882^|^873^|^2835^|^20050601^|^20050630^|^SAT^|^N
20070916^|^2832^|^20883^|^874^|^2836^|^20050601^|^20050630^|^SAT^|^N
20070917^|^2833^|^20884^|^875^|^2837^|^20050601^|^20050630^|^SAT^|^N
20070918^|^2834^|^20885^|^876^|^2838^|^20050601^|^20050630^|^SAT^|^N
20070919^|^2835^|^20886^|^877^|^2839^|^20050601^|^20050630^|^SAT^|^N
20070920^|^2836^|^20887^|^878^|^2840^|^20050601^|^20050630^|^SAT^|^N
20070921^|^2837^|^20888^|^879^|^2841^|^20050601^|^20050630^|^SAT^|^N
20070922^|^2838^|^20889^|^880^|^2842^|^20050601^|^20050630^|^SAT^|^N
20070923^|^2839^|^20890^|^881^|^2843^|^20050601^|^20050630^|^SAT^|^N
20070924^|^2840^|^20891^|^882^|^2844^|^20050601^|^20050630^|^SAT^|^N
20070925^|^2841^|^20892^|^883^|^2845^|^20050601^|^20050630^|^SAT^|^N
20070926^|^2842^|^20893^|^884^|^2846^|^20050601^|^20050630^|^SAT^|^N
20070927^|^2843^|^20894^|^885^|^2847^|^20050601^|^20050630^|^SAT^|^N
20070928^|^2844^|^20895^|^886^|^2848^|^20050601^|^20050630^|^SAT^|^N
20070929^|^2845^|^20896^|^887^|^2849^|^20050601^|^20050630^|^SAT^|^N
20070930^|^2846^|^20897^|^888^|^2850^|^20050601^|^20050630^|^SAT^|^N
20071001^|^2847^|^20898^|^889^|^2851^|^20050601^|^20050630^|^SAT^|^N
20071002^|^2848^|^20899^|^890^|^2852^|^20050601^|^20050630^|^SAT^|^N
20071003^|^2849^|^20900^|^891^|^2853^|^20050601^|^20050630^|^SAT^|^N
20071004^|^2850^|^20901^|^892^|^2854^|^20050601^|^20050630^|^SAT^|^N
20071005^|^2851^|^20902^|^893^|^2855^|^20050601^|^20050630^|^SAT^|^N
20071006^|^2852^|^20903^|^894^|^2856^|^20050601^|^20050630^|^SAT^|^N
20071007^|^2853^|^20904^|^895^|^2857^|^20050601^|^20050630^|^SAT^|^N
20071008^|^2854^|^20905^|^896^|^2858^|^20050601^|^20050630^|^SAT^|^N
20071009^|^2855^|^20906^|^897^|^2859^|^20050601^|^20050630^|^SAT^|^N
20071010^|^2856^|^20907^|^898^|^2860^|^20050601^|^20050630^|^SAT^|^N
20071011^|^2857^|^20908^|^899^|^2861^|^20050601^|^20050630^|^SAT^|^N
20071012^|^2858^|^20909^|^900^|^2862^|^20050601^|^20050630^|^SAT^|^N
20071013^|^2859^|^20910^|^901^|^2863^|^20050601^|^20050630^|^SAT^|^N
20071014^|^2860^|^20911^|^902^|^2864^|^20050601^|^20050630^|^SAT^|^N
20071015^|^2861^|^20912^|^903^|^2865^|^20050601^|^20050630^|^SAT^|^N
20071016^|^2862^|^20913^|^904^|^2866^|^20050601^|^20050630^|^SAT^|^N
20071017^|^2863^|^20914^|^905^|^2867^|^20050601^|^20050630^|^SAT^|^N
20071018^|^2864^|^20915^|^906^|^2868^|^20050601^|^20050630^|^SAT^|^N
20071019^|^2865^|^20916^|^907^|^2869^|^20050601^|^20050630^|^SAT^|^N
20071020^|^2866^|^20917^|^908^|^2870^|^20050601^|^20050630^|^SAT^|^N
20071021^|^2867^|^20918^|^909^|^2871^|^20050601^|^20050630^|^SAT^|^N
20071022^|^2868^|^20919^|^910^|^2872^|^20050601^|^20050630^|^SAT^|^N
20071023^|^2869^|^20920^|^911^|^2873^|^20050601^|^20050630^|^SAT^|^N
20071024^|^2870^|^20921^|^912^|^2874^|^20050601^|^20050630^|^SAT^|^N
20071025^|^2871^|^20922^|^913^|^2875^|^20050601^|^20050630^|^SAT^|^N
20071026^|^2872^|^20923^|^914^|^2876^|^20050601^|^20050630^|^SAT^|^N
20071027^|^2873^|^20924^|^915^|^2877^|^20050601^|^20050630^|^SAT^|^N
20071028^|^2874^|^20925^|^916^|^2878^|^20050601^|^20050630^|^SAT^|^N
20071029^|^2875^|^20926^|^917^|^2879^|^20050601^|^20050630^|^SAT^|^N
20071030^|^2876^|^20927^|^918^|^2880^|^20050601^|^20050630^|^SAT^|^N
20071031^|^2877^|^20928^|^919^|^2881^|^20050601^|^20050630^|^SAT^|^N
20071101^|^2878^|^20929^|^920^|^2882^|^20050601^|^20050630^|^SAT^|^N
20071102^|^2879^|^20930^|^921^|^2883^|^20050601^|^20050630^|^SAT^|^N
20071103^|^2880^|^20931^|^922^|^2884^|^20050601^|^20050630^|^SAT^|^N
20071104^|^2881^|^20932^|^923^|^2885^|^20050601^|^20050630^|^SAT^|^N
20071105^|^2882^|^20933^|^924^|^2886^|^20050601^|^20050630^|^SAT^|^N
20071106^|^2883^|^20934^|^925^|^2887^|^20050601^|^20050630^|^SAT^|^N
20071107^|^2884^|^20935^|^926^|^2888^|^20050601^|^20050630^|^SAT^|^N
20071108^|^2885^|^20936^|^927^|^2889^|^20050601^|^20050630^|^SAT^|^N
20071109^|^2886^|^20937^|^928^|^2890^|^20050601^|^20050630^|^SAT^|^N
20071110^|^2887^|^20938^|^929^|^2891^|^20050601^|^20050630^|^SAT^|^N
20071111^|^2888^|^20939^|^930^|^2892^|^20050601^|^20050630^|^SAT^|^N
20071112^|^2889^|^20940^|^931^|^2893^|^20050601^|^20050630^|^SAT^|^N
20071113^|^2890^|^20941^|^932^|^2894^|^20050601^|^20050630^|^SAT^|^N
20071114^|^2891^|^20942^|^933^|^2895^|^20050601^|^20050630^|^SAT^|^N
20071115^|^2892^|^20943^|^934^|^2896^|^20050601^|^20050630^|^SAT^|^N
20071116^|^2893^|^20944^|^935^|^2897^|^20050601^|^20050630^|^SAT^|^N
20071117^|^2894^|^20945^|^936^|^2898^|^20050601^|^20050630^|^SAT^|^N
20071118^|^2895^|^20946^|^937^|^2899^|^20050601^|^20050630^|^SAT^|^N
20071119^|^2896^|^20947^|^938^|^2900^|^20050601^|^20050630^|^SAT^|^N
20071120^|^2897^|^20948^|^939^|^2901^|^20050601^|^20050630^|^SAT^|^N
20071121^|^2898^|^20949^|^940^|^2902^|^20050601^|^20050630^|^SAT^|^N
20071122^|^2899^|^20950^|^941^|^2903^|^20050601^|^20050630^|^SAT^|^N
20071123^|^2900^|^20951^|^942^|^2904^|^20050601^|^20050630^|^SAT^|^N
20071124^|^2901^|^20952^|^943^|^2905^|^20050601^|^20050630^|^SAT^|^N
20071125^|^2902^|^20953^|^944^|^2906^|^20050601^|^20050630^|^SAT^|^N
20071126^|^2903^|^20954^|^945^|^2907^|^20050601^|^20050630^|^SAT^|^N
20071127^|^2904^|^20955^|^946^|^2908^|^20050601^|^20050630^|^SAT^|^N
20071128^|^2905^|^20956^|^947^|^2909^|^20050601^|^20050630^|^SAT^|^N
20071129^|^2906^|^20957^|^948^|^2910^|^20050601^|^20050630^|^SAT^|^N
20071130^|^2907^|^20958^|^949^|^2911^|^20050601^|^20050630^|^SAT^|^N
20071201^|^2908^|^20959^|^950^|^2912^|^20050601^|^20050630^|^SAT^|^N
20071202^|^2909^|^20960^|^951^|^2913^|^20050601^|^20050630^|^SAT^|^N
20071203^|^2910^|^20961^|^952^|^2914^|^20050601^|^20050630^|^SAT^|^N
20071204^|^2911^|^20962^|^953^|^2915^|^20050601^|^20050630^|^SAT^|^N
20071205^|^2912^|^20963^|^954^|^2916^|^20050601^|^20050630^|^SAT^|^N
20071206^|^2913^|^20964^|^955^|^2917^|^20050601^|^20050630^|^SAT^|^N
20071207^|^2914^|^20965^|^956^|^2918^|^20050601^|^20050630^|^SAT^|^N
20071208^|^2915^|^20966^|^957^|^2919^|^20050601^|^20050630^|^SAT^|^N
20071209^|^2916^|^20967^|^958^|^2920^|^20050601^|^20050630^|^SAT^|^N
20071210^|^2917^|^20968^|^959^|^2921^|^20050601^|^20050630^|^SAT^|^N
20071211^|^2918^|^20969^|^960^|^2922^|^20050601^|^20050630^|^SAT^|^N
20071212^|^2919^|^20970^|^961^|^2923^|^20050601^|^20050630^|^SAT^|^N
20071213^|^2920^|^20971^|^962^|^2924^|^20050601^|^20050630^|^SAT^|^N
20071214^|^2921^|^20972^|^963^|^2925^|^20050601^|^20050630^|^SAT^|^N
20071215^|^2922^|^20973^|^964^|^2926^|^20050601^|^20050630^|^SAT^|^N
20071216^|^2923^|^20974^|^965^|^2927^|^20050601^|^20050630^|^SAT^|^N
20071217^|^2924^|^20975^|^966^|^2928^|^20050601^|^20050630^|^SAT^|^N
20071218^|^2925^|^20976^|^967^|^2929^|^20050601^|^20050630^|^SAT^|^N
20071219^|^2926^|^20977^|^968^|^2930^|^20050601^|^20050630^|^SAT^|^N
20071220^|^2927^|^20978^|^969^|^2931^|^20050601^|^20050630^|^SAT^|^N
20071221^|^2928^|^20979^|^970^|^2932^|^20050601^|^20050630^|^SAT^|^N
20071222^|^2929^|^20980^|^971^|^2933^|^20050601^|^20050630^|^SAT^|^N
20071223^|^2930^|^20981^|^972^|^2934^|^20050601^|^20050630^|^SAT^|^N
20071224^|^2931^|^20982^|^973^|^2935^|^20050601^|^20050630^|^SAT^|^N
20071225^|^2932^|^20983^|^974^|^2936^|^20050601^|^20050630^|^SAT^|^N
20071226^|^2933^|^20984^|^975^|^2937^|^20050601^|^20050630^|^SAT^|^N
20071227^|^2934^|^20985^|^976^|^2938^|^20050601^|^20050630^|^SAT^|^N
20071228^|^2935^|^20986^|^977^|^2939^|^20050601^|^20050630^|^SAT^|^N
20071229^|^2936^|^20987^|^978^|^2940^|^20050601^|^20050630^|^SAT^|^N
20071230^|^2937^|^20988^|^979^|^2941^|^20050601^|^20050630^|^SAT^|^N
20071231^|^2938^|^20989^|^980^|^2942^|^20050601^|^20050630^|^SAT^|^N
20080101^|^2939^|^20990^|^981^|^2943^|^20050601^|^20050630^|^SAT^|^N
20080102^|^2940^|^20991^|^982^|^2944^|^20050601^|^20050630^|^SAT^|^N
20080103^|^2941^|^20992^|^983^|^2945^|^20050601^|^20050630^|^SAT^|^N
20080104^|^2942^|^20993^|^984^|^2946^|^20050601^|^20050630^|^SAT^|^N
20080105^|^2943^|^20994^|^985^|^2947^|^20050601^|^20050630^|^SAT^|^N
20080106^|^2944^|^20995^|^986^|^2948^|^20050601^|^20050630^|^SAT^|^N
20080107^|^2945^|^20996^|^987^|^2949^|^20050601^|^20050630^|^SAT^|^N
20080108^|^2946^|^20997^|^988^|^2950^|^20050601^|^20050630^|^SAT^|^N
20080109^|^2947^|^20998^|^989^|^2951^|^20050601^|^20050630^|^SAT^|^N
20080110^|^2948^|^20999^|^990^|^2952^|^20050601^|^20050630^|^SAT^|^N
20080111^|^2949^|^21000^|^991^|^2953^|^20050601^|^20050630^|^SAT^|^N
20080112^|^2950^|^21001^|^992^|^2954^|^20050601^|^20050630^|^SAT^|^N
20080113^|^2951^|^21002^|^993^|^2955^|^20050601^|^20050630^|^SAT^|^N
20080114^|^2952^|^21003^|^994^|^2956^|^20050601^|^20050630^|^SAT^|^N
20080115^|^2953^|^21004^|^995^|^2957^|^20050601^|^20050630^|^SAT^|^N
20080116^|^2954^|^21005^|^996^|^2958^|^20050601^|^20050630^|^SAT^|^N
20080117^|^2955^|^21006^|^997^|^2959^|^20050601^|^20050630^|^SAT^|^N
20080118^|^2956^|^21007^|^998^|^2960^|^20050601^|^20050630^|^SAT^|^N
20080119^|^2957^|^21008^|^999^|^2961^|^20050601^|^20050630^|^SAT^|^N
20080120^|^2958^|^21009^|^1000^|^2962^|^20050601^|^20050630^|^SAT^|^N
20080121^|^2959^|^21010^|^1001^|^2963^|^20050601^|^20050630^|^SAT^|^N
20080122^|^2960^|^21011^|^1002^|^2964^|^20050601^|^20050630^|^SAT^|^N
20080123^|^2961^|^21012^|^1003^|^2965^|^20050601^|^20050630^|^SAT^|^N
20080124^|^2962^|^21013^|^1004^|^2966^|^20050601^|^20050630^|^SAT^|^N
20080125^|^2963^|^21014^|^1005^|^2967^|^20050601^|^20050630^|^SAT^|^N
20080126^|^2964^|^21015^|^1006^|^2968^|^20050601^|^20050630^|^SAT^|^N
20080127^|^2965^|^21016^|^1007^|^2969^|^20050601^|^20050630^|^SAT^|^N
20080128^|^2966^|^21017^|^1008^|^2970^|^20050601^|^20050630^|^SAT^|^N
20080129^|^2967^|^21018^|^1009^|^2971^|^20050601^|^20050630^|^SAT^|^N
20080130^|^2968^|^21019^|^1010^|^2972^|^20050601^|^20050630^|^SAT^|^N
20080131^|^2969^|^21020^|^1011^|^2973^|^20050601^|^20050630^|^SAT^|^N
20080201^|^2970^|^21021^|^1012^|^2974^|^20050601^|^20050630^|^SAT^|^N
20080202^|^2971^|^21022^|^1013^|^2975^|^20050601^|^20050630^|^SAT^|^N
20080203^|^2972^|^21023^|^1014^|^2976^|^20050601^|^20050630^|^SAT^|^N
20080204^|^2973^|^21024^|^1015^|^2977^|^20050601^|^20050630^|^SAT^|^N
20080205^|^2974^|^21025^|^1016^|^2978^|^20050601^|^20050630^|^SAT^|^N
20080206^|^2975^|^21026^|^1017^|^2979^|^20050601^|^20050630^|^SAT^|^N
20080207^|^2976^|^21027^|^1018^|^2980^|^20050601^|^20050630^|^SAT^|^N
20080208^|^2977^|^21028^|^1019^|^2981^|^20050601^|^20050630^|^SAT^|^N
20080209^|^2978^|^21029^|^1020^|^2982^|^20050601^|^20050630^|^SAT^|^N
20080210^|^2979^|^21030^|^1021^|^2983^|^20050601^|^20050630^|^SAT^|^N
20080211^|^2980^|^21031^|^1022^|^2984^|^20050601^|^20050630^|^SAT^|^N
20080212^|^2981^|^21032^|^1023^|^2985^|^20050601^|^20050630^|^SAT^|^N
20080213^|^2982^|^21033^|^1024^|^2986^|^20050601^|^20050630^|^SAT^|^N
20080214^|^2983^|^21034^|^1025^|^2987^|^20050601^|^20050630^|^SAT^|^N
20080215^|^2984^|^21035^|^1026^|^2988^|^20050601^|^20050630^|^SAT^|^N
20080216^|^2985^|^21036^|^1027^|^2989^|^20050601^|^20050630^|^SAT^|^N
20080217^|^2986^|^21037^|^1028^|^2990^|^20050601^|^20050630^|^SAT^|^N
20080218^|^2987^|^21038^|^1029^|^2991^|^20050601^|^20050630^|^SAT^|^N
20080219^|^2988^|^21039^|^1030^|^2992^|^20050601^|^20050630^|^SAT^|^N
20080220^|^2989^|^21040^|^1031^|^2993^|^20050601^|^20050630^|^SAT^|^N
20080221^|^2990^|^21041^|^1032^|^2994^|^20050601^|^20050630^|^SAT^|^N
20080222^|^2991^|^21042^|^1033^|^2995^|^20050601^|^20050630^|^SAT^|^N
20080223^|^2992^|^21043^|^1034^|^2996^|^20050601^|^20050630^|^SAT^|^N
20080224^|^2993^|^21044^|^1035^|^2997^|^20050601^|^20050630^|^SAT^|^N
20080225^|^2994^|^21045^|^1036^|^2998^|^20050601^|^20050630^|^SAT^|^N
20080226^|^2995^|^21046^|^1037^|^2999^|^20050601^|^20050630^|^SAT^|^N
20080227^|^2996^|^21047^|^1038^|^3000^|^20050601^|^20050630^|^SAT^|^N
20080228^|^2997^|^21048^|^1039^|^3001^|^20050601^|^20050630^|^SAT^|^N
20080229^|^2998^|^21049^|^1040^|^3002^|^20050601^|^20050630^|^SAT^|^N
20080301^|^2999^|^21050^|^1041^|^3003^|^20050601^|^20050630^|^SAT^|^N
20080302^|^3000^|^21051^|^1042^|^3004^|^20050601^|^20050630^|^SAT^|^N
20080303^|^3001^|^21052^|^1043^|^3005^|^20050601^|^20050630^|^SAT^|^N
20080304^|^3002^|^21053^|^1044^|^3006^|^20050601^|^20050630^|^SAT^|^N
20080305^|^3003^|^21054^|^1045^|^3007^|^20050601^|^20050630^|^SAT^|^N
20080306^|^3004^|^21055^|^1046^|^3008^|^20050601^|^20050630^|^SAT^|^N