run_id^|^client_id^|^mt_id^|^tariff_rate^|^tariff_rate_sim_only^|^soc_rate^|^estimated_usage^|^revenue_loss_other_netw^|^used_cf^|^data_volume
47^|^49^|^97^|^33.605^|^33.605^|^33.605^|^3.7^|^33.605^|^1^|^87
48^|^50^|^98^|^33.605^|^33.605^|^33.605^|^3.7^|^33.605^|^1^|^88
49^|^51^|^99^|^33.605^|^33.605^|^33.605^|^3.7^|^33.605^|^1^|^89
50^|^52^|^100^|^33.605^|^33.605^|^33.605^|^3.7^|^33.605^|^1^|^90
51^|^53^|^101^|^33.605^|^33.605^|^33.605^|^3.7^|^33.605^|^1^|^91
52^|^54^|^102^|^33.605^|^33.605^|^33.605^|^3.7^|^33.605^|^1^|^92
53^|^55^|^103^|^33.605^|^33.605^|^33.605^|^3.7^|^33.605^|^1^|^93
54^|^56^|^104^|^33.605^|^33.605^|^33.605^|^3.7^|^33.605^|^1^|^94
55^|^57^|^105^|^33.605^|^33.605^|^33.605^|^3.7^|^33.605^|^1^|^95
56^|^58^|^106^|^33.605^|^33.605^|^33.605^|^3.7^|^33.605^|^1^|^96
57^|^59^|^107^|^33.605^|^33.605^|^33.605^|^3.7^|^33.605^|^1^|^97
58^|^60^|^108^|^33.605^|^33.605^|^33.605^|^3.7^|^33.605^|^1^|^98
59^|^61^|^109^|^33.605^|^33.605^|^33.605^|^3.7^|^33.605^|^1^|^99
60^|^62^|^110^|^33.605^|^33.605^|^33.605^|^3.7^|^33.605^|^1^|^100
61^|^63^|^111^|^33.605^|^33.605^|^33.605^|^3.7^|^33.605^|^1^|^101
62^|^64^|^112^|^33.605^|^33.605^|^33.605^|^3.7^|^33.605^|^1^|^102
63^|^65^|^113^|^33.605^|^33.605^|^33.605^|^3.7^|^33.605^|^1^|^103
64^|^66^|^114^|^33.605^|^33.605^|^33.605^|^3.7^|^33.605^|^1^|^104
65^|^67^|^115^|^33.605^|^33.605^|^33.605^|^3.7^|^33.605^|^1^|^105
66^|^68^|^116^|^33.605^|^33.605^|^33.605^|^3.7^|^33.605^|^1^|^106
67^|^69^|^117^|^33.605^|^33.605^|^33.605^|^3.7^|^33.605^|^1^|^107
68^|^70^|^118^|^33.605^|^33.605^|^33.605^|^3.7^|^33.605^|^1^|^108
69^|^71^|^119^|^33.605^|^33.605^|^33.605^|^3.7^|^33.605^|^1^|^109
70^|^72^|^120^|^33.605^|^33.605^|^33.605^|^3.7^|^33.605^|^1^|^110
71^|^73^|^121^|^33.605^|^33.605^|^33.605^|^3.7^|^33.605^|^1^|^111
72^|^74^|^122^|^33.605^|^33.605^|^33.605^|^3.7^|^33.605^|^1^|^112
73^|^75^|^123^|^33.605^|^33.605^|^33.605^|^3.7^|^33.605^|^1^|^113
74^|^76^|^124^|^33.605^|^33.605^|^33.605^|^3.7^|^33.605^|^1^|^114
75^|^77^|^125^|^33.605^|^33.605^|^33.605^|^3.7^|^33.605^|^1^|^115
76^|^78^|^126^|^33.605^|^33.605^|^33.605^|^3.7^|^33.605^|^1^|^116
77^|^79^|^127^|^33.605^|^33.605^|^33.605^|^3.7^|^33.605^|^1^|^117
78^|^80^|^128^|^33.605^|^33.605^|^33.605^|^3.7^|^33.605^|^1^|^118
79^|^81^|^129^|^33.605^|^33.605^|^33.605^|^3.7^|^33.605^|^1^|^119
80^|^82^|^130^|^33.605^|^33.605^|^33.605^|^3.7^|^33.605^|^1^|^120
81^|^83^|^131^|^33.605^|^33.605^|^33.605^|^3.7^|^33.605^|^1^|^121
82^|^84^|^132^|^33.605^|^33.605^|^33.605^|^3.7^|^33.605^|^1^|^122
83^|^85^|^133^|^33.605^|^33.605^|^33.605^|^3.7^|^33.605^|^1^|^123
84^|^86^|^134^|^33.605^|^33.605^|^33.605^|^3.7^|^33.605^|^1^|^124
85^|^87^|^135^|^33.605^|^33.605^|^33.605^|^3.7^|^33.605^|^1^|^125
86^|^88^|^136^|^33.605^|^33.605^|^33.605^|^3.7^|^33.605^|^1^|^126
87^|^89^|^137^|^33.605^|^33.605^|^33.605^|^3.7^|^33.605^|^1^|^127
88^|^90^|^138^|^33.605^|^33.605^|^33.605^|^3.7^|^33.605^|^1^|^128
89^|^91^|^139^|^33.605^|^33.605^|^33.605^|^3.7^|^33.605^|^1^|^129
90^|^92^|^140^|^33.605^|^33.605^|^33.605^|^3.7^|^33.605^|^1^|^130
91^|^93^|^141^|^33.605^|^33.605^|^33.605^|^3.7^|^33.605^|^1^|^131
92^|^94^|^142^|^33.605^|^33.605^|^33.605^|^3.7^|^33.605^|^1^|^132
93^|^95^|^143^|^33.605^|^33.605^|^33.605^|^3.7^|^33.605^|^1^|^133
94^|^96^|^144^|^33.605^|^33.605^|^33.605^|^3.7^|^33.605^|^1^|^134
95^|^97^|^145^|^33.605^|^33.605^|^33.605^|^3.7^|^33.605^|^1^|^135
96^|^98^|^146^|^33.605^|^33.605^|^33.605^|^3.7^|^33.605^|^1^|^136
97^|^99^|^147^|^33.605^|^33.605^|^33.605^|^3.7^|^33.605^|^1^|^137
98^|^100^|^148^|^33.605^|^33.605^|^33.605^|^3.7^|^33.605^|^1^|^138
99^|^101^|^149^|^33.605^|^33.605^|^33.605^|^3.7^|^33.605^|^1^|^139
100^|^102^|^150^|^33.605^|^33.605^|^33.605^|^3.7^|^33.605^|^1^|^140
101^|^103^|^151^|^33.605^|^33.605^|^33.605^|^3.7^|^33.605^|^1^|^141
102^|^104^|^152^|^33.605^|^33.605^|^33.605^|^3.7^|^33.605^|^1^|^142
103^|^105^|^153^|^33.605^|^33.605^|^33.605^|^3.7^|^33.605^|^1^|^143
104^|^106^|^154^|^33.605^|^33.605^|^33.605^|^3.7^|^33.605^|^1^|^144
105^|^107^|^155^|^33.605^|^33.605^|^33.605^|^3.7^|^33.605^|^1^|^145
106^|^108^|^156^|^33.605^|^33.605^|^33.605^|^3.7^|^33.605^|^1^|^146
107^|^109^|^157^|^33.605^|^33.605^|^33.605^|^3.7^|^33.605^|^1^|^147
108^|^110^|^158^|^33.605^|^33.605^|^33.605^|^3.7^|^33.605^|^1^|^148
109^|^111^|^159^|^33.605^|^33.605^|^33.605^|^3.7^|^33.605^|^1^|^149
110^|^112^|^160^|^33.605^|^33.605^|^33.605^|^3.7^|^33.605^|^1^|^150
111^|^113^|^161^|^33.605^|^33.605^|^33.605^|^3.7^|^33.605^|^1^|^151
112^|^114^|^162^|^33.605^|^33.605^|^33.605^|^3.7^|^33.605^|^1^|^152
113^|^115^|^163^|^33.605^|^33.605^|^33.605^|^3.7^|^33.605^|^1^|^153
114^|^116^|^164^|^33.605^|^33.605^|^33.605^|^3.7^|^33.605^|^1^|^154
115^|^117^|^165^|^33.605^|^33.605^|^33.605^|^3.7^|^33.605^|^1^|^155
116^|^118^|^166^|^33.605^|^33.605^|^33.605^|^3.7^|^33.605^|^1^|^156
117^|^119^|^167^|^33.605^|^33.605^|^33.605^|^3.7^|^33.605^|^1^|^157
118^|^120^|^168^|^33.605^|^33.605^|^33.605^|^3.7^|^33.605^|^1^|^158
119^|^121^|^169^|^33.605^|^33.605^|^33.605^|^3.7^|^33.605^|^1^|^159
120^|^122^|^170^|^33.605^|^33.605^|^33.605^|^3.7^|^33.605^|^1^|^160
121^|^123^|^171^|^33.605^|^33.605^|^33.605^|^3.7^|^33.605^|^1^|^161
122^|^124^|^172^|^33.605^|^33.605^|^33.605^|^3.7^|^33.605^|^1^|^162
123^|^125^|^173^|^33.605^|^33.605^|^33.605^|^3.7^|^33.605^|^1^|^163
124^|^126^|^174^|^33.605^|^33.605^|^33.605^|^3.7^|^33.605^|^1^|^164
125^|^127^|^175^|^33.605^|^33.605^|^33.605^|^3.7^|^33.605^|^1^|^165
126^|^128^|^176^|^33.605^|^33.605^|^33.605^|^3.7^|^33.605^|^1^|^166
127^|^129^|^177^|^33.605^|^33.605^|^33.605^|^3.7^|^33.605^|^1^|^167
128^|^130^|^178^|^33.605^|^33.605^|^33.605^|^3.7^|^33.605^|^1^|^168
129^|^131^|^179^|^33.605^|^33.605^|^33.605^|^3.7^|^33.605^|^1^|^169
130^|^132^|^180^|^33.605^|^33.605^|^33.605^|^3.7^|^33.605^|^1^|^170
131^|^133^|^181^|^33.605^|^33.605^|^33.605^|^3.7^|^33.605^|^1^|^171
132^|^134^|^182^|^33.605^|^33.605^|^33.605^|^3.7^|^33.605^|^1^|^172
133^|^135^|^183^|^33.605^|^33.605^|^33.605^|^3.7^|^33.605^|^1^|^173
134^|^136^|^184^|^33.605^|^33.605^|^33.605^|^3.7^|^33.605^|^1^|^174
135^|^137^|^185^|^33.605^|^33.605^|^33.605^|^3.7^|^33.605^|^1^|^175
136^|^138^|^186^|^33.605^|^33.605^|^33.605^|^3.7^|^33.605^|^1^|^176
137^|^139^|^187^|^33.605^|^33.605^|^33.605^|^3.7^|^33.605^|^1^|^177
138^|^140^|^188^|^33.605^|^33.605^|^33.605^|^3.7^|^33.605^|^1^|^178
139^|^141^|^189^|^33.605^|^33.605^|^33.605^|^3.7^|^33.605^|^1^|^179
140^|^142^|^190^|^33.605^|^33.605^|^33.605^|^3.7^|^33.605^|^1^|^180
141^|^143^|^191^|^33.605^|^33.605^|^33.605^|^3.7^|^33.605^|^1^|^181
142^|^144^|^192^|^33.605^|^33.605^|^33.605^|^3.7^|^33.605^|^1^|^182
143^|^145^|^193^|^33.605^|^33.605^|^33.605^|^3.7^|^33.605^|^1^|^183
144^|^146^|^194^|^33.605^|^33.605^|^33.605^|^3.7^|^33.605^|^1^|^184
145^|^147^|^195^|^33.605^|^33.605^|^33.605^|^3.7^|^33.605^|^1^|^185
146^|^148^|^196^|^33.605^|^33.605^|^33.605^|^3.7^|^33.605^|^1^|^186
147^|^149^|^197^|^33.605^|^33.605^|^33.605^|^3.7^|^33.605^|^1^|^187
148^|^150^|^198^|^33.605^|^33.605^|^33.605^|^3.7^|^33.605^|^1^|^188
149^|^151^|^199^|^33.605^|^33.605^|^33.605^|^3.7^|^33.605^|^1^|^189
150^|^152^|^200^|^33.605^|^33.605^|^33.605^|^3.7^|^33.605^|^1^|^190
151^|^153^|^201^|^33.605^|^33.605^|^33.605^|^3.7^|^33.605^|^1^|^191
152^|^154^|^202^|^33.605^|^33.605^|^33.605^|^3.7^|^33.605^|^1^|^192
153^|^155^|^203^|^33.605^|^33.605^|^33.605^|^3.7^|^33.605^|^1^|^193
154^|^156^|^204^|^33.605^|^33.605^|^33.605^|^3.7^|^33.605^|^1^|^194
155^|^157^|^205^|^33.605^|^33.605^|^33.605^|^3.7^|^33.605^|^1^|^195
156^|^158^|^206^|^33.605^|^33.605^|^33.605^|^3.7^|^33.605^|^1^|^196
157^|^159^|^207^|^33.605^|^33.605^|^33.605^|^3.7^|^33.605^|^1^|^197
158^|^160^|^208^|^33.605^|^33.605^|^33.605^|^3.7^|^33.605^|^1^|^198
159^|^161^|^209^|^33.605^|^33.605^|^33.605^|^3.7^|^33.605^|^1^|^199
160^|^162^|^210^|^33.605^|^33.605^|^33.605^|^3.7^|^33.605^|^1^|^200
161^|^163^|^211^|^33.605^|^33.605^|^33.605^|^3.7^|^33.605^|^1^|^201
162^|^164^|^212^|^33.605^|^33.605^|^33.605^|^3.7^|^33.605^|^1^|^202
163^|^165^|^213^|^33.605^|^33.605^|^33.605^|^3.7^|^33.605^|^1^|^203
164^|^166^|^214^|^33.605^|^33.605^|^33.605^|^3.7^|^33.605^|^1^|^204
165^|^167^|^215^|^33.605^|^33.605^|^33.605^|^3.7^|^33.605^|^1^|^205
166^|^168^|^216^|^33.605^|^33.605^|^33.605^|^3.7^|^33.605^|^1^|^206
167^|^169^|^217^|^33.605^|^33.605^|^33.605^|^3.7^|^33.605^|^1^|^207
168^|^170^|^218^|^33.605^|^33.605^|^33.605^|^3.7^|^33.605^|^1^|^208
169^|^171^|^219^|^33.605^|^33.605^|^33.605^|^3.7^|^33.605^|^1^|^209
170^|^172^|^220^|^33.605^|^33.605^|^33.605^|^3.7^|^33.605^|^1^|^210
171^|^173^|^221^|^33.605^|^33.605^|^33.605^|^3.7^|^33.605^|^1^|^211
172^|^174^|^222^|^33.605^|^33.605^|^33.605^|^3.7^|^33.605^|^1^|^212
173^|^175^|^223^|^33.605^|^33.605^|^33.605^|^3.7^|^33.605^|^1^|^213
174^|^176^|^224^|^33.605^|^33.605^|^33.605^|^3.7^|^33.605^|^1^|^214
175^|^177^|^225^|^33.605^|^33.605^|^33.605^|^3.7^|^33.605^|^1^|^215
176^|^178^|^226^|^33.605^|^33.605^|^33.605^|^3.7^|^33.605^|^1^|^216
177^|^179^|^227^|^33.605^|^33.605^|^33.605^|^3.7^|^33.605^|^1^|^217
178^|^180^|^228^|^33.605^|^33.605^|^33.605^|^3.7^|^33.605^|^1^|^218
179^|^181^|^229^|^33.605^|^33.605^|^33.605^|^3.7^|^33.605^|^1^|^219
180^|^182^|^230^|^33.605^|^33.605^|^33.605^|^3.7^|^33.605^|^1^|^220
181^|^183^|^231^|^33.605^|^33.605^|^33.605^|^3.7^|^33.605^|^1^|^221
182^|^184^|^232^|^33.605^|^33.605^|^33.605^|^3.7^|^33.605^|^1^|^222
183^|^185^|^233^|^33.605^|^33.605^|^33.605^|^3.7^|^33.605^|^1^|^223
184^|^186^|^234^|^33.605^|^33.605^|^33.605^|^3.7^|^33.605^|^1^|^224
185^|^187^|^235^|^33.605^|^33.605^|^33.605^|^3.7^|^33.605^|^1^|^225
186^|^188^|^236^|^33.605^|^33.605^|^33.605^|^3.7^|^33.605^|^1^|^226
187^|^189^|^237^|^33.605^|^33.605^|^33.605^|^3.7^|^33.605^|^1^|^227
188^|^190^|^238^|^33.605^|^33.605^|^33.605^|^3.7^|^33.605^|^1^|^228
189^|^191^|^239^|^33.605^|^33.605^|^33.605^|^3.7^|^33.605^|^1^|^229
190^|^192^|^240^|^33.605^|^33.605^|^33.605^|^3.7^|^33.605^|^1^|^230
191^|^193^|^241^|^33.605^|^33.605^|^33.605^|^3.7^|^33.605^|^1^|^231
192^|^194^|^242^|^33.605^|^33.605^|^33.605^|^3.7^|^33.605^|^1^|^232
193^|^195^|^243^|^33.605^|^33.605^|^33.605^|^3.7^|^33.605^|^1^|^233
194^|^196^|^244^|^33.605^|^33.605^|^33.605^|^3.7^|^33.605^|^1^|^234
195^|^197^|^245^|^33.605^|^33.605^|^33.605^|^3.7^|^33.605^|^1^|^235
196^|^198^|^246^|^33.605^|^33.605^|^33.605^|^3.7^|^33.605^|^1^|^236
197^|^199^|^247^|^33.605^|^33.605^|^33.605^|^3.7^|^33.605^|^1^|^237
198^|^200^|^248^|^33.605^|^33.605^|^33.605^|^3.7^|^33.605^|^1^|^238
199^|^201^|^249^|^33.605^|^33.605^|^33.605^|^3.7^|^33.605^|^1^|^239
200^|^202^|^250^|^33.605^|^33.605^|^33.605^|^3.7^|^33.605^|^1^|^240
201^|^203^|^251^|^33.605^|^33.605^|^33.605^|^3.7^|^33.605^|^1^|^241
202^|^204^|^252^|^33.605^|^33.605^|^33.605^|^3.7^|^33.605^|^1^|^242
203^|^205^|^253^|^33.605^|^33.605^|^33.605^|^3.7^|^33.605^|^1^|^243
204^|^206^|^254^|^33.605^|^33.605^|^33.605^|^3.7^|^33.605^|^1^|^244
205^|^207^|^255^|^33.605^|^33.605^|^33.605^|^3.7^|^33.605^|^1^|^245
206^|^208^|^256^|^33.605^|^33.605^|^33.605^|^3.7^|^33.605^|^1^|^246
207^|^209^|^257^|^33.605^|^33.605^|^33.605^|^3.7^|^33.605^|^1^|^247
208^|^210^|^258^|^33.605^|^33.605^|^33.605^|^3.7^|^33.605^|^1^|^248
209^|^211^|^259^|^33.605^|^33.605^|^33.605^|^3.7^|^33.605^|^1^|^249
210^|^212^|^260^|^33.605^|^33.605^|^33.605^|^3.7^|^33.605^|^1^|^250
211^|^213^|^261^|^33.605^|^33.605^|^33.605^|^3.7^|^33.605^|^1^|^251
212^|^214^|^262^|^33.605^|^33.605^|^33.605^|^3.7^|^33.605^|^1^|^252
213^|^215^|^263^|^33.605^|^33.605^|^33.605^|^3.7^|^33.605^|^1^|^253
214^|^216^|^264^|^33.605^|^33.605^|^33.605^|^3.7^|^33.605^|^1^|^254
215^|^217^|^265^|^33.605^|^33.605^|^33.605^|^3.7^|^33.605^|^1^|^255
216^|^218^|^266^|^33.605^|^33.605^|^33.605^|^3.7^|^33.605^|^1^|^256
217^|^219^|^267^|^33.605^|^33.605^|^33.605^|^3.7^|^33.605^|^1^|^257
218^|^220^|^268^|^33.605^|^33.605^|^33.605^|^3.7^|^33.605^|^1^|^258
219^|^221^|^269^|^33.605^|^33.605^|^33.605^|^3.7^|^33.605^|^1^|^259
220^|^222^|^270^|^33.605^|^33.605^|^33.605^|^3.7^|^33.605^|^1^|^260
221^|^223^|^271^|^33.605^|^33.605^|^33.605^|^3.7^|^33.605^|^1^|^261
222^|^224^|^272^|^33.605^|^33.605^|^33.605^|^3.7^|^33.605^|^1^|^262
223^|^225^|^273^|^33.605^|^33.605^|^33.605^|^3.7^|^33.605^|^1^|^263
224^|^226^|^274^|^33.605^|^33.605^|^33.605^|^3.7^|^33.605^|^1^|^264
225^|^227^|^275^|^33.605^|^33.605^|^33.605^|^3.7^|^33.605^|^1^|^265
226^|^228^|^276^|^33.605^|^33.605^|^33.605^|^3.7^|^33.605^|^1^|^266
227^|^229^|^277^|^33.605^|^33.605^|^33.605^|^3.7^|^33.605^|^1^|^267
228^|^230^|^278^|^33.605^|^33.605^|^33.605^|^3.7^|^33.605^|^1^|^268
229^|^231^|^279^|^33.605^|^33.605^|^33.605^|^3.7^|^33.605^|^1^|^269
230^|^232^|^280^|^33.605^|^33.605^|^33.605^|^3.7^|^33.605^|^1^|^270
231^|^233^|^281^|^33.605^|^33.605^|^33.605^|^3.7^|^33.605^|^1^|^271
232^|^234^|^282^|^33.605^|^33.605^|^33.605^|^3.7^|^33.605^|^1^|^272
233^|^235^|^283^|^33.605^|^33.605^|^33.605^|^3.7^|^33.605^|^1^|^273
234^|^236^|^284^|^33.605^|^33.605^|^33.605^|^3.7^|^33.605^|^1^|^274
235^|^237^|^285^|^33.605^|^33.605^|^33.605^|^3.7^|^33.605^|^1^|^275
236^|^238^|^286^|^33.605^|^33.605^|^33.605^|^3.7^|^33.605^|^1^|^276
237^|^239^|^287^|^33.605^|^33.605^|^33.605^|^3.7^|^33.605^|^1^|^277
238^|^240^|^288^|^33.605^|^33.605^|^33.605^|^3.7^|^33.605^|^1^|^278
239^|^241^|^289^|^33.605^|^33.605^|^33.605^|^3.7^|^33.605^|^1^|^279
240^|^242^|^290^|^33.605^|^33.605^|^33.605^|^3.7^|^33.605^|^1^|^280
241^|^243^|^291^|^33.605^|^33.605^|^33.605^|^3.7^|^33.605^|^1^|^281
242^|^244^|^292^|^33.605^|^33.605^|^33.605^|^3.7^|^33.605^|^1^|^282
243^|^245^|^293^|^33.605^|^33.605^|^33.605^|^3.7^|^33.605^|^1^|^283
244^|^246^|^294^|^33.605^|^33.605^|^33.605^|^3.7^|^33.605^|^1^|^284
245^|^247^|^295^|^33.605^|^33.605^|^33.605^|^3.7^|^33.605^|^1^|^285
246^|^248^|^296^|^33.605^|^33.605^|^33.605^|^3.7^|^33.605^|^1^|^286
247^|^249^|^297^|^33.605^|^33.605^|^33.605^|^3.7^|^33.605^|^1^|^287
248^|^250^|^298^|^33.605^|^33.605^|^33.605^|^3.7^|^33.605^|^1^|^288
249^|^251^|^299^|^33.605^|^33.605^|^33.605^|^3.7^|^33.605^|^1^|^289
250^|^252^|^300^|^33.605^|^33.605^|^33.605^|^3.7^|^33.605^|^1^|^290
251^|^253^|^301^|^33.605^|^33.605^|^33.605^|^3.7^|^33.605^|^1^|^291
252^|^254^|^302^|^33.605^|^33.605^|^33.605^|^3.7^|^33.605^|^1^|^292
253^|^255^|^303^|^33.605^|^33.605^|^33.605^|^3.7^|^33.605^|^1^|^293
254^|^256^|^304^|^33.605^|^33.605^|^33.605^|^3.7^|^33.605^|^1^|^294
255^|^257^|^305^|^33.605^|^33.605^|^33.605^|^3.7^|^33.605^|^1^|^295
256^|^258^|^306^|^33.605^|^33.605^|^33.605^|^3.7^|^33.605^|^1^|^296
257^|^259^|^307^|^33.605^|^33.605^|^33.605^|^3.7^|^33.605^|^1^|^297
258^|^260^|^308^|^33.605^|^33.605^|^33.605^|^3.7^|^33.605^|^1^|^298
259^|^261^|^309^|^33.605^|^33.605^|^33.605^|^3.7^|^33.605^|^1^|^299
260^|^262^|^310^|^33.605^|^33.605^|^33.605^|^3.7^|^33.605^|^1^|^300
261^|^263^|^311^|^33.605^|^33.605^|^33.605^|^3.7^|^33.605^|^1^|^301
262^|^264^|^312^|^33.605^|^33.605^|^33.605^|^3.7^|^33.605^|^1^|^302
263^|^265^|^313^|^33.605^|^33.605^|^33.605^|^3.7^|^33.605^|^1^|^303
264^|^266^|^314^|^33.605^|^33.605^|^33.605^|^3.7^|^33.605^|^1^|^304
265^|^267^|^315^|^33.605^|^33.605^|^33.605^|^3.7^|^33.605^|^1^|^305
266^|^268^|^316^|^33.605^|^33.605^|^33.605^|^3.7^|^33.605^|^1^|^306
267^|^269^|^317^|^33.605^|^33.605^|^33.605^|^3.7^|^33.605^|^1^|^307
268^|^270^|^318^|^33.605^|^33.605^|^33.605^|^3.7^|^33.605^|^1^|^308
269^|^271^|^319^|^33.605^|^33.605^|^33.605^|^3.7^|^33.605^|^1^|^309
270^|^272^|^320^|^33.605^|^33.605^|^33.605^|^3.7^|^33.605^|^1^|^310
271^|^273^|^321^|^33.605^|^33.605^|^33.605^|^3.7^|^33.605^|^1^|^311
272^|^274^|^322^|^33.605^|^33.605^|^33.605^|^3.7^|^33.605^|^1^|^312
273^|^275^|^323^|^33.605^|^33.605^|^33.605^|^3.7^|^33.605^|^1^|^313
274^|^276^|^324^|^33.605^|^33.605^|^33.605^|^3.7^|^33.605^|^1^|^314
275^|^277^|^325^|^33.605^|^33.605^|^33.605^|^3.7^|^33.605^|^1^|^315
276^|^278^|^326^|^33.605^|^33.605^|^33.605^|^3.7^|^33.605^|^1^|^316
277^|^279^|^327^|^33.605^|^33.605^|^33.605^|^3.7^|^33.605^|^1^|^317
278^|^280^|^328^|^33.605^|^33.605^|^33.605^|^3.7^|^33.605^|^1^|^318
279^|^281^|^329^|^33.605^|^33.605^|^33.605^|^3.7^|^33.605^|^1^|^319
280^|^282^|^330^|^33.605^|^33.605^|^33.605^|^3.7^|^33.605^|^1^|^320
281^|^283^|^331^|^33.605^|^33.605^|^33.605^|^3.7^|^33.605^|^1^|^321
282^|^284^|^332^|^33.605^|^33.605^|^33.605^|^3.7^|^33.605^|^1^|^322
283^|^285^|^333^|^33.605^|^33.605^|^33.605^|^3.7^|^33.605^|^1^|^323
284^|^286^|^334^|^33.605^|^33.605^|^33.605^|^3.7^|^33.605^|^1^|^324
285^|^287^|^335^|^33.605^|^33.605^|^33.605^|^3.7^|^33.605^|^1^|^325
286^|^288^|^336^|^33.605^|^33.605^|^33.605^|^3.7^|^33.605^|^1^|^326
287^|^289^|^337^|^33.605^|^33.605^|^33.605^|^3.7^|^33.605^|^1^|^327
288^|^290^|^338^|^33.605^|^33.605^|^33.605^|^3.7^|^33.605^|^1^|^328
289^|^291^|^339^|^33.605^|^33.605^|^33.605^|^3.7^|^33.605^|^1^|^329
290^|^292^|^340^|^33.605^|^33.605^|^33.605^|^3.7^|^33.605^|^1^|^330
291^|^293^|^341^|^33.605^|^33.605^|^33.605^|^3.7^|^33.605^|^1^|^331
292^|^294^|^342^|^33.605^|^33.605^|^33.605^|^3.7^|^33.605^|^1^|^332
293^|^295^|^343^|^33.605^|^33.605^|^33.605^|^3.7^|^33.605^|^1^|^333
294^|^296^|^344^|^33.605^|^33.605^|^33.605^|^3.7^|^33.605^|^1^|^334
295^|^297^|^345^|^33.605^|^33.605^|^33.605^|^3.7^|^33.605^|^1^|^335
296^|^298^|^346^|^33.605^|^33.605^|^33.605^|^3.7^|^33.605^|^1^|^336
297^|^299^|^347^|^33.605^|^33.605^|^33.605^|^3.7^|^33.605^|^1^|^337
298^|^300^|^348^|^33.605^|^33.605^|^33.605^|^3.7^|^33.605^|^1^|^338
299^|^301^|^349^|^33.605^|^33.605^|^33.605^|^3.7^|^33.605^|^1^|^339
300^|^302^|^350^|^33.605^|^33.605^|^33.605^|^3.7^|^33.605^|^1^|^340
301^|^303^|^351^|^33.605^|^33.605^|^33.605^|^3.7^|^33.605^|^1^|^341
302^|^304^|^352^|^33.605^|^33.605^|^33.605^|^3.7^|^33.605^|^1^|^342
303^|^305^|^353^|^33.605^|^33.605^|^33.605^|^3.7^|^33.605^|^1^|^343
304^|^306^|^354^|^33.605^|^33.605^|^33.605^|^3.7^|^33.605^|^1^|^344
305^|^307^|^355^|^33.605^|^33.605^|^33.605^|^3.7^|^33.605^|^1^|^345
306^|^308^|^356^|^33.605^|^33.605^|^33.605^|^3.7^|^33.605^|^1^|^346
307^|^309^|^357^|^33.605^|^33.605^|^33.605^|^3.7^|^33.605^|^1^|^347
308^|^310^|^358^|^33.605^|^33.605^|^33.605^|^3.7^|^33.605^|^1^|^348
309^|^311^|^359^|^33.605^|^33.605^|^33.605^|^3.7^|^33.605^|^1^|^349
310^|^312^|^360^|^33.605^|^33.605^|^33.605^|^3.7^|^33.605^|^1^|^350
311^|^313^|^361^|^33.605^|^33.605^|^33.605^|^3.7^|^33.605^|^1^|^351
312^|^314^|^362^|^33.605^|^33.605^|^33.605^|^3.7^|^33.605^|^1^|^352
313^|^315^|^363^|^33.605^|^33.605^|^33.605^|^3.7^|^33.605^|^1^|^353
314^|^316^|^364^|^33.605^|^33.605^|^33.605^|^3.7^|^33.605^|^1^|^354
315^|^317^|^365^|^33.605^|^33.605^|^33.605^|^3.7^|^33.605^|^1^|^355
316^|^318^|^366^|^33.605^|^33.605^|^33.605^|^3.7^|^33.605^|^1^|^356
317^|^319^|^367^|^33.605^|^33.605^|^33.605^|^3.7^|^33.605^|^1^|^357
318^|^320^|^368^|^33.605^|^33.605^|^33.605^|^3.7^|^33.605^|^1^|^358
319^|^321^|^369^|^33.605^|^33.605^|^33.605^|^3.7^|^33.605^|^1^|^359
320^|^322^|^370^|^33.605^|^33.605^|^33.605^|^3.7^|^33.605^|^1^|^360
321^|^323^|^371^|^33.605^|^33.605^|^33.605^|^3.7^|^33.605^|^1^|^361
322^|^324^|^372^|^33.605^|^33.605^|^33.605^|^3.7^|^33.605^|^1^|^362
323^|^325^|^373^|^33.605^|^33.605^|^33.605^|^3.7^|^33.605^|^1^|^363
324^|^326^|^374^|^33.605^|^33.605^|^33.605^|^3.7^|^33.605^|^1^|^364
325^|^327^|^375^|^33.605^|^33.605^|^33.605^|^3.7^|^33.605^|^1^|^365
326^|^328^|^376^|^33.605^|^33.605^|^33.605^|^3.7^|^33.605^|^1^|^366
327^|^329^|^377^|^33.605^|^33.605^|^33.605^|^3.7^|^33.605^|^1^|^367
328^|^330^|^378^|^33.605^|^33.605^|^33.605^|^3.7^|^33.605^|^1^|^368
329^|^331^|^379^|^33.605^|^33.605^|^33.605^|^3.7^|^33.605^|^1^|^369
330^|^332^|^380^|^33.605^|^33.605^|^33.605^|^3.7^|^33.605^|^1^|^370
331^|^333^|^381^|^33.605^|^33.605^|^33.605^|^3.7^|^33.605^|^1^|^371
332^|^334^|^382^|^33.605^|^33.605^|^33.605^|^3.7^|^33.605^|^1^|^372
333^|^335^|^383^|^33.605^|^33.605^|^33.605^|^3.7^|^33.605^|^1^|^373
334^|^336^|^384^|^33.605^|^33.605^|^33.605^|^3.7^|^33.605^|^1^|^374
335^|^337^|^385^|^33.605^|^33.605^|^33.605^|^3.7^|^33.605^|^1^|^375
336^|^338^|^386^|^33.605^|^33.605^|^33.605^|^3.7^|^33.605^|^1^|^376
337^|^339^|^387^|^33.605^|^33.605^|^33.605^|^3.7^|^33.605^|^1^|^377
338^|^340^|^388^|^33.605^|^33.605^|^33.605^|^3.7^|^33.605^|^1^|^378
339^|^341^|^389^|^33.605^|^33.605^|^33.605^|^3.7^|^33.605^|^1^|^379
340^|^342^|^390^|^33.605^|^33.605^|^33.605^|^3.7^|^33.605^|^1^|^380
341^|^343^|^391^|^33.605^|^33.605^|^33.605^|^3.7^|^33.605^|^1^|^381
342^|^344^|^392^|^33.605^|^33.605^|^33.605^|^3.7^|^33.605^|^1^|^382
343^|^345^|^393^|^33.605^|^33.605^|^33.605^|^3.7^|^33.605^|^1^|^383
344^|^346^|^394^|^33.605^|^33.605^|^33.605^|^3.7^|^33.605^|^1^|^384
345^|^347^|^395^|^33.605^|^33.605^|^33.605^|^3.7^|^33.605^|^1^|^385
346^|^348^|^396^|^33.605^|^33.605^|^33.605^|^3.7^|^33.605^|^1^|^386
347^|^349^|^397^|^33.605^|^33.605^|^33.605^|^3.7^|^33.605^|^1^|^387
348^|^350^|^398^|^33.605^|^33.605^|^33.605^|^3.7^|^33.605^|^1^|^388
349^|^351^|^399^|^33.605^|^33.605^|^33.605^|^3.7^|^33.605^|^1^|^389
350^|^352^|^400^|^33.605^|^33.605^|^33.605^|^3.7^|^33.605^|^1^|^390
351^|^353^|^401^|^33.605^|^33.605^|^33.605^|^3.7^|^33.605^|^1^|^391
352^|^354^|^402^|^33.605^|^33.605^|^33.605^|^3.7^|^33.605^|^1^|^392
353^|^355^|^403^|^33.605^|^33.605^|^33.605^|^3.7^|^33.605^|^1^|^393
354^|^356^|^404^|^33.605^|^33.605^|^33.605^|^3.7^|^33.605^|^1^|^394
355^|^357^|^405^|^33.605^|^33.605^|^33.605^|^3.7^|^33.605^|^1^|^395
356^|^358^|^406^|^33.605^|^33.605^|^33.605^|^3.7^|^33.605^|^1^|^396
357^|^359^|^407^|^33.605^|^33.605^|^33.605^|^3.7^|^33.605^|^1^|^397
358^|^360^|^408^|^33.605^|^33.605^|^33.605^|^3.7^|^33.605^|^1^|^398
359^|^361^|^409^|^33.605^|^33.605^|^33.605^|^3.7^|^33.605^|^1^|^399
360^|^362^|^410^|^33.605^|^33.605^|^33.605^|^3.7^|^33.605^|^1^|^400
361^|^363^|^411^|^33.605^|^33.605^|^33.605^|^3.7^|^33.605^|^1^|^401
362^|^364^|^412^|^33.605^|^33.605^|^33.605^|^3.7^|^33.605^|^1^|^402
363^|^365^|^413^|^33.605^|^33.605^|^33.605^|^3.7^|^33.605^|^1^|^403
364^|^366^|^414^|^33.605^|^33.605^|^33.605^|^3.7^|^33.605^|^1^|^404
365^|^367^|^415^|^33.605^|^33.605^|^33.605^|^3.7^|^33.605^|^1^|^405
366^|^368^|^416^|^33.605^|^33.605^|^33.605^|^3.7^|^33.605^|^1^|^406
367^|^369^|^417^|^33.605^|^33.605^|^33.605^|^3.7^|^33.605^|^1^|^407
368^|^370^|^418^|^33.605^|^33.605^|^33.605^|^3.7^|^33.605^|^1^|^408
369^|^371^|^419^|^33.605^|^33.605^|^33.605^|^3.7^|^33.605^|^1^|^409
370^|^372^|^420^|^33.605^|^33.605^|^33.605^|^3.7^|^33.605^|^1^|^410
371^|^373^|^421^|^33.605^|^33.605^|^33.605^|^3.7^|^33.605^|^1^|^411
372^|^374^|^422^|^33.605^|^33.605^|^33.605^|^3.7^|^33.605^|^1^|^412
373^|^375^|^423^|^33.605^|^33.605^|^33.605^|^3.7^|^33.605^|^1^|^413
374^|^376^|^424^|^33.605^|^33.605^|^33.605^|^3.7^|^33.605^|^1^|^414
375^|^377^|^425^|^33.605^|^33.605^|^33.605^|^3.7^|^33.605^|^1^|^415
376^|^378^|^426^|^33.605^|^33.605^|^33.605^|^3.7^|^33.605^|^1^|^416
377^|^379^|^427^|^33.605^|^33.605^|^33.605^|^3.7^|^33.605^|^1^|^417
378^|^380^|^428^|^33.605^|^33.605^|^33.605^|^3.7^|^33.605^|^1^|^418
379^|^381^|^429^|^33.605^|^33.605^|^33.605^|^3.7^|^33.605^|^1^|^419
380^|^382^|^430^|^33.605^|^33.605^|^33.605^|^3.7^|^33.605^|^1^|^420
381^|^383^|^431^|^33.605^|^33.605^|^33.605^|^3.7^|^33.605^|^1^|^421
382^|^384^|^432^|^33.605^|^33.605^|^33.605^|^3.7^|^33.605^|^1^|^422
383^|^385^|^433^|^33.605^|^33.605^|^33.605^|^3.7^|^33.605^|^1^|^423
384^|^386^|^434^|^33.605^|^33.605^|^33.605^|^3.7^|^33.605^|^1^|^424
385^|^387^|^435^|^33.605^|^33.605^|^33.605^|^3.7^|^33.605^|^1^|^425
386^|^388^|^436^|^33.605^|^33.605^|^33.605^|^3.7^|^33.605^|^1^|^426
387^|^389^|^437^|^33.605^|^33.605^|^33.605^|^3.7^|^33.605^|^1^|^427
388^|^390^|^438^|^33.605^|^33.605^|^33.605^|^3.7^|^33.605^|^1^|^428
389^|^391^|^439^|^33.605^|^33.605^|^33.605^|^3.7^|^33.605^|^1^|^429
390^|^392^|^440^|^33.605^|^33.605^|^33.605^|^3.7^|^33.605^|^1^|^430
391^|^393^|^441^|^33.605^|^33.605^|^33.605^|^3.7^|^33.605^|^1^|^431
392^|^394^|^442^|^33.605^|^33.605^|^33.605^|^3.7^|^33.605^|^1^|^432
393^|^395^|^443^|^33.605^|^33.605^|^33.605^|^3.7^|^33.605^|^1^|^433
394^|^396^|^444^|^33.605^|^33.605^|^33.605^|^3.7^|^33.605^|^1^|^434
395^|^397^|^445^|^33.605^|^33.605^|^33.605^|^3.7^|^33.605^|^1^|^435
396^|^398^|^446^|^33.605^|^33.605^|^33.605^|^3.7^|^33.605^|^1^|^436
397^|^399^|^447^|^33.605^|^33.605^|^33.605^|^3.7^|^33.605^|^1^|^437
398^|^400^|^448^|^33.605^|^33.605^|^33.605^|^3.7^|^33.605^|^1^|^438
399^|^401^|^449^|^33.605^|^33.605^|^33.605^|^3.7^|^33.605^|^1^|^439
400^|^402^|^450^|^33.605^|^33.605^|^33.605^|^3.7^|^33.605^|^1^|^440
401^|^403^|^451^|^33.605^|^33.605^|^33.605^|^3.7^|^33.605^|^1^|^441
402^|^404^|^452^|^33.605^|^33.605^|^33.605^|^3.7^|^33.605^|^1^|^442
403^|^405^|^453^|^33.605^|^33.605^|^33.605^|^3.7^|^33.605^|^1^|^443
404^|^406^|^454^|^33.605^|^33.605^|^33.605^|^3.7^|^33.605^|^1^|^444
405^|^407^|^455^|^33.605^|^33.605^|^33.605^|^3.7^|^33.605^|^1^|^445
406^|^408^|^456^|^33.605^|^33.605^|^33.605^|^3.7^|^33.605^|^1^|^446
407^|^409^|^457^|^33.605^|^33.605^|^33.605^|^3.7^|^33.605^|^1^|^447
408^|^410^|^458^|^33.605^|^33.605^|^33.605^|^3.7^|^33.605^|^1^|^448
409^|^411^|^459^|^33.605^|^33.605^|^33.605^|^3.7^|^33.605^|^1^|^449
410^|^412^|^460^|^33.605^|^33.605^|^33.605^|^3.7^|^33.605^|^1^|^450
411^|^413^|^461^|^33.605^|^33.605^|^33.605^|^3.7^|^33.605^|^1^|^451
412^|^414^|^462^|^33.605^|^33.605^|^33.605^|^3.7^|^33.605^|^1^|^452
413^|^415^|^463^|^33.605^|^33.605^|^33.605^|^3.7^|^33.605^|^1^|^453
414^|^416^|^464^|^33.605^|^33.605^|^33.605^|^3.7^|^33.605^|^1^|^454
415^|^417^|^465^|^33.605^|^33.605^|^33.605^|^3.7^|^33.605^|^1^|^455
416^|^418^|^466^|^33.605^|^33.605^|^33.605^|^3.7^|^33.605^|^1^|^456
417^|^419^|^467^|^33.605^|^33.605^|^33.605^|^3.7^|^33.605^|^1^|^457
418^|^420^|^468^|^33.605^|^33.605^|^33.605^|^3.7^|^33.605^|^1^|^458
419^|^421^|^469^|^33.605^|^33.605^|^33.605^|^3.7^|^33.605^|^1^|^459
420^|^422^|^470^|^33.605^|^33.605^|^33.605^|^3.7^|^33.605^|^1^|^460
421^|^423^|^471^|^33.605^|^33.605^|^33.605^|^3.7^|^33.605^|^1^|^461
422^|^424^|^472^|^33.605^|^33.605^|^33.605^|^3.7^|^33.605^|^1^|^462
423^|^425^|^473^|^33.605^|^33.605^|^33.605^|^3.7^|^33.605^|^1^|^463
424^|^426^|^474^|^33.605^|^33.605^|^33.605^|^3.7^|^33.605^|^1^|^464
425^|^427^|^475^|^33.605^|^33.605^|^33.605^|^3.7^|^33.605^|^1^|^465
426^|^428^|^476^|^33.605^|^33.605^|^33.605^|^3.7^|^33.605^|^1^|^466
427^|^429^|^477^|^33.605^|^33.605^|^33.605^|^3.7^|^33.605^|^1^|^467
428^|^430^|^478^|^33.605^|^33.605^|^33.605^|^3.7^|^33.605^|^1^|^468
429^|^431^|^479^|^33.605^|^33.605^|^33.605^|^3.7^|^33.605^|^1^|^469
430^|^432^|^480^|^33.605^|^33.605^|^33.605^|^3.7^|^33.605^|^1^|^470
431^|^433^|^481^|^33.605^|^33.605^|^33.605^|^3.7^|^33.605^|^1^|^471
432^|^434^|^482^|^33.605^|^33.605^|^33.605^|^3.7^|^33.605^|^1^|^472
433^|^435^|^483^|^33.605^|^33.605^|^33.605^|^3.7^|^33.605^|^1^|^473
434^|^436^|^484^|^33.605^|^33.605^|^33.605^|^3.7^|^33.605^|^1^|^474
435^|^437^|^485^|^33.605^|^33.605^|^33.605^|^3.7^|^33.605^|^1^|^475
436^|^438^|^486^|^33.605^|^33.605^|^33.605^|^3.7^|^33.605^|^1^|^476
437^|^439^|^487^|^33.605^|^33.605^|^33.605^|^3.7^|^33.605^|^1^|^477
438^|^440^|^488^|^33.605^|^33.605^|^33.605^|^3.7^|^33.605^|^1^|^478
439^|^441^|^489^|^33.605^|^33.605^|^33.605^|^3.7^|^33.605^|^1^|^479
440^|^442^|^490^|^33.605^|^33.605^|^33.605^|^3.7^|^33.605^|^1^|^480
441^|^443^|^491^|^33.605^|^33.605^|^33.605^|^3.7^|^33.605^|^1^|^481
442^|^444^|^492^|^33.605^|^33.605^|^33.605^|^3.7^|^33.605^|^1^|^482
443^|^445^|^493^|^33.605^|^33.605^|^33.605^|^3.7^|^33.605^|^1^|^483
444^|^446^|^494^|^33.605^|^33.605^|^33.605^|^3.7^|^33.605^|^1^|^484
445^|^447^|^495^|^33.605^|^33.605^|^33.605^|^3.7^|^33.605^|^1^|^485
446^|^448^|^496^|^33.605^|^33.605^|^33.605^|^3.7^|^33.605^|^1^|^486
447^|^449^|^497^|^33.605^|^33.605^|^33.605^|^3.7^|^33.605^|^1^|^487
448^|^450^|^498^|^33.605^|^33.605^|^33.605^|^3.7^|^33.605^|^1^|^488
449^|^451^|^499^|^33.605^|^33.605^|^33.605^|^3.7^|^33.605^|^1^|^489
450^|^452^|^500^|^33.605^|^33.605^|^33.605^|^3.7^|^33.605^|^1^|^490
451^|^453^|^501^|^33.605^|^33.605^|^33.605^|^3.7^|^33.605^|^1^|^491
452^|^454^|^502^|^33.605^|^33.605^|^33.605^|^3.7^|^33.605^|^1^|^492
453^|^455^|^503^|^33.605^|^33.605^|^33.605^|^3.7^|^33.605^|^1^|^493
454^|^456^|^504^|^33.605^|^33.605^|^33.605^|^3.7^|^33.605^|^1^|^494
455^|^457^|^505^|^33.605^|^33.605^|^33.605^|^3.7^|^33.605^|^1^|^495
456^|^458^|^506^|^33.605^|^33.605^|^33.605^|^3.7^|^33.605^|^1^|^496
457^|^459^|^507^|^33.605^|^33.605^|^33.605^|^3.7^|^33.605^|^1^|^497
458^|^460^|^508^|^33.605^|^33.605^|^33.605^|^3.7^|^33.605^|^1^|^498
459^|^461^|^509^|^33.605^|^33.605^|^33.605^|^3.7^|^33.605^|^1^|^499
460^|^462^|^510^|^33.605^|^33.605^|^33.605^|^3.7^|^33.605^|^1^|^500
461^|^463^|^511^|^33.605^|^33.605^|^33.605^|^3.7^|^33.605^|^1^|^501
462^|^464^|^512^|^33.605^|^33.605^|^33.605^|^3.7^|^33.605^|^1^|^502
463^|^465^|^513^|^33.605^|^33.605^|^33.605^|^3.7^|^33.605^|^1^|^503
464^|^466^|^514^|^33.605^|^33.605^|^33.605^|^3.7^|^33.605^|^1^|^504
465^|^467^|^515^|^33.605^|^33.605^|^33.605^|^3.7^|^33.605^|^1^|^505
466^|^468^|^516^|^33.605^|^33.605^|^33.605^|^3.7^|^33.605^|^1^|^506
467^|^469^|^517^|^33.605^|^33.605^|^33.605^|^3.7^|^33.605^|^1^|^507
468^|^470^|^518^|^33.605^|^33.605^|^33.605^|^3.7^|^33.605^|^1^|^508
469^|^471^|^519^|^33.605^|^33.605^|^33.605^|^3.7^|^33.605^|^1^|^509
470^|^472^|^520^|^33.605^|^33.605^|^33.605^|^3.7^|^33.605^|^1^|^510
471^|^473^|^521^|^33.605^|^33.605^|^33.605^|^3.7^|^33.605^|^1^|^511
472^|^474^|^522^|^33.605^|^33.605^|^33.605^|^3.7^|^33.605^|^1^|^512
473^|^475^|^523^|^33.605^|^33.605^|^33.605^|^3.7^|^33.605^|^1^|^513
474^|^476^|^524^|^33.605^|^33.605^|^33.605^|^3.7^|^33.605^|^1^|^514
475^|^477^|^525^|^33.605^|^33.605^|^33.605^|^3.7^|^33.605^|^1^|^515
476^|^478^|^526^|^33.605^|^33.605^|^33.605^|^3.7^|^33.605^|^1^|^516
477^|^479^|^527^|^33.605^|^33.605^|^33.605^|^3.7^|^33.605^|^1^|^517
478^|^480^|^528^|^33.605^|^33.605^|^33.605^|^3.7^|^33.605^|^1^|^518
479^|^481^|^529^|^33.605^|^33.605^|^33.605^|^3.7^|^33.605^|^1^|^519
480^|^482^|^530^|^33.605^|^33.605^|^33.605^|^3.7^|^33.605^|^1^|^520
481^|^483^|^531^|^33.605^|^33.605^|^33.605^|^3.7^|^33.605^|^1^|^521
482^|^484^|^532^|^33.605^|^33.605^|^33.605^|^3.7^|^33.605^|^1^|^522
483^|^485^|^533^|^33.605^|^33.605^|^33.605^|^3.7^|^33.605^|^1^|^523
484^|^486^|^534^|^33.605^|^33.605^|^33.605^|^3.7^|^33.605^|^1^|^524
485^|^487^|^535^|^33.605^|^33.605^|^33.605^|^3.7^|^33.605^|^1^|^525
486^|^488^|^536^|^33.605^|^33.605^|^33.605^|^3.7^|^33.605^|^1^|^526
487^|^489^|^537^|^33.605^|^33.605^|^33.605^|^3.7^|^33.605^|^1^|^527
488^|^490^|^538^|^33.605^|^33.605^|^33.605^|^3.7^|^33.605^|^1^|^528
489^|^491^|^539^|^33.605^|^33.605^|^33.605^|^3.7^|^33.605^|^1^|^529
490^|^492^|^540^|^33.605^|^33.605^|^33.605^|^3.7^|^33.605^|^1^|^530
491^|^493^|^541^|^33.605^|^33.605^|^33.605^|^3.7^|^33.605^|^1^|^531
492^|^494^|^542^|^33.605^|^33.605^|^33.605^|^3.7^|^33.605^|^1^|^532
493^|^495^|^543^|^33.605^|^33.605^|^33.605^|^3.7^|^33.605^|^1^|^533
494^|^496^|^544^|^33.605^|^33.605^|^33.605^|^3.7^|^33.605^|^1^|^534
495^|^497^|^545^|^33.605^|^33.605^|^33.605^|^3.7^|^33.605^|^1^|^535
496^|^498^|^546^|^33.605^|^33.605^|^33.605^|^3.7^|^33.605^|^1^|^536
497^|^499^|^547^|^33.605^|^33.605^|^33.605^|^3.7^|^33.605^|^1^|^537
498^|^500^|^548^|^33.605^|^33.605^|^33.605^|^3.7^|^33.605^|^1^|^538
499^|^501^|^549^|^33.605^|^33.605^|^33.605^|^3.7^|^33.605^|^1^|^539
500^|^502^|^550^|^33.605^|^33.605^|^33.605^|^3.7^|^33.605^|^1^|^540
501^|^503^|^551^|^33.605^|^33.605^|^33.605^|^3.7^|^33.605^|^1^|^541
502^|^504^|^552^|^33.605^|^33.605^|^33.605^|^3.7^|^33.605^|^1^|^542
503^|^505^|^553^|^33.605^|^33.605^|^33.605^|^3.7^|^33.605^|^1^|^543
504^|^506^|^554^|^33.605^|^33.605^|^33.605^|^3.7^|^33.605^|^1^|^544
505^|^507^|^555^|^33.605^|^33.605^|^33.605^|^3.7^|^33.605^|^1^|^545
506^|^508^|^556^|^33.605^|^33.605^|^33.605^|^3.7^|^33.605^|^1^|^546
507^|^509^|^557^|^33.605^|^33.605^|^33.605^|^3.7^|^33.605^|^1^|^547
508^|^510^|^558^|^33.605^|^33.605^|^33.605^|^3.7^|^33.605^|^1^|^548
509^|^511^|^559^|^33.605^|^33.605^|^33.605^|^3.7^|^33.605^|^1^|^549
510^|^512^|^560^|^33.605^|^33.605^|^33.605^|^3.7^|^33.605^|^1^|^550
511^|^513^|^561^|^33.605^|^33.605^|^33.605^|^3.7^|^33.605^|^1^|^551
512^|^514^|^562^|^33.605^|^33.605^|^33.605^|^3.7^|^33.605^|^1^|^552
513^|^515^|^563^|^33.605^|^33.605^|^33.605^|^3.7^|^33.605^|^1^|^553
514^|^516^|^564^|^33.605^|^33.605^|^33.605^|^3.7^|^33.605^|^1^|^554
515^|^517^|^565^|^33.605^|^33.605^|^33.605^|^3.7^|^33.605^|^1^|^555
516^|^518^|^566^|^33.605^|^33.605^|^33.605^|^3.7^|^33.605^|^1^|^556
517^|^519^|^567^|^33.605^|^33.605^|^33.605^|^3.7^|^33.605^|^1^|^557
518^|^520^|^568^|^33.605^|^33.605^|^33.605^|^3.7^|^33.605^|^1^|^558
519^|^521^|^569^|^33.605^|^33.605^|^33.605^|^3.7^|^33.605^|^1^|^559
520^|^522^|^570^|^33.605^|^33.605^|^33.605^|^3.7^|^33.605^|^1^|^560
521^|^523^|^571^|^33.605^|^33.605^|^33.605^|^3.7^|^33.605^|^1^|^561
522^|^524^|^572^|^33.605^|^33.605^|^33.605^|^3.7^|^33.605^|^1^|^562
523^|^525^|^573^|^33.605^|^33.605^|^33.605^|^3.7^|^33.605^|^1^|^563
524^|^526^|^574^|^33.605^|^33.605^|^33.605^|^3.7^|^33.605^|^1^|^564
525^|^527^|^575^|^33.605^|^33.605^|^33.605^|^3.7^|^33.605^|^1^|^565
526^|^528^|^576^|^33.605^|^33.605^|^33.605^|^3.7^|^33.605^|^1^|^566
527^|^529^|^577^|^33.605^|^33.605^|^33.605^|^3.7^|^33.605^|^1^|^567
528^|^530^|^578^|^33.605^|^33.605^|^33.605^|^3.7^|^33.605^|^1^|^568
529^|^531^|^579^|^33.605^|^33.605^|^33.605^|^3.7^|^33.605^|^1^|^569
530^|^532^|^580^|^33.605^|^33.605^|^33.605^|^3.7^|^33.605^|^1^|^570
531^|^533^|^581^|^33.605^|^33.605^|^33.605^|^3.7^|^33.605^|^1^|^571
532^|^534^|^582^|^33.605^|^33.605^|^33.605^|^3.7^|^33.605^|^1^|^572
533^|^535^|^583^|^33.605^|^33.605^|^33.605^|^3.7^|^33.605^|^1^|^573
534^|^536^|^584^|^33.605^|^33.605^|^33.605^|^3.7^|^33.605^|^1^|^574
535^|^537^|^585^|^33.605^|^33.605^|^33.605^|^3.7^|^33.605^|^1^|^575
536^|^538^|^586^|^33.605^|^33.605^|^33.605^|^3.7^|^33.605^|^1^|^576
537^|^539^|^587^|^33.605^|^33.605^|^33.605^|^3.7^|^33.605^|^1^|^577
538^|^540^|^588^|^33.605^|^33.605^|^33.605^|^3.7^|^33.605^|^1^|^578
539^|^541^|^589^|^33.605^|^33.605^|^33.605^|^3.7^|^33.605^|^1^|^579
540^|^542^|^590^|^33.605^|^33.605^|^33.605^|^3.7^|^33.605^|^1^|^580
541^|^543^|^591^|^33.605^|^33.605^|^33.605^|^3.7^|^33.605^|^1^|^581
542^|^544^|^592^|^33.605^|^33.605^|^33.605^|^3.7^|^33.605^|^1^|^582
543^|^545^|^593^|^33.605^|^33.605^|^33.605^|^3.7^|^33.605^|^1^|^583
544^|^546^|^594^|^33.605^|^33.605^|^33.605^|^3.7^|^33.605^|^1^|^584
545^|^547^|^595^|^33.605^|^33.605^|^33.605^|^3.7^|^33.605^|^1^|^585
546^|^548^|^596^|^33.605^|^33.605^|^33.605^|^3.7^|^33.605^|^1^|^586
547^|^549^|^597^|^33.605^|^33.605^|^33.605^|^3.7^|^33.605^|^1^|^587
548^|^550^|^598^|^33.605^|^33.605^|^33.605^|^3.7^|^33.605^|^1^|^588
549^|^551^|^599^|^33.605^|^33.605^|^33.605^|^3.7^|^33.605^|^1^|^589
550^|^552^|^600^|^33.605^|^33.605^|^33.605^|^3.7^|^33.605^|^1^|^590
551^|^553^|^601^|^33.605^|^33.605^|^33.605^|^3.7^|^33.605^|^1^|^591
552^|^554^|^602^|^33.605^|^33.605^|^33.605^|^3.7^|^33.605^|^1^|^592
553^|^555^|^603^|^33.605^|^33.605^|^33.605^|^3.7^|^33.605^|^1^|^593
554^|^556^|^604^|^33.605^|^33.605^|^33.605^|^3.7^|^33.605^|^1^|^594
555^|^557^|^605^|^33.605^|^33.605^|^33.605^|^3.7^|^33.605^|^1^|^595
556^|^558^|^606^|^33.605^|^33.605^|^33.605^|^3.7^|^33.605^|^1^|^596
557^|^559^|^607^|^33.605^|^33.605^|^33.605^|^3.7^|^33.605^|^1^|^597
558^|^560^|^608^|^33.605^|^33.605^|^33.605^|^3.7^|^33.605^|^1^|^598
559^|^561^|^609^|^33.605^|^33.605^|^33.605^|^3.7^|^33.605^|^1^|^599
560^|^562^|^610^|^33.605^|^33.605^|^33.605^|^3.7^|^33.605^|^1^|^600
561^|^563^|^611^|^33.605^|^33.605^|^33.605^|^3.7^|^33.605^|^1^|^601
562^|^564^|^612^|^33.605^|^33.605^|^33.605^|^3.7^|^33.605^|^1^|^602
563^|^565^|^613^|^33.605^|^33.605^|^33.605^|^3.7^|^33.605^|^1^|^603
564^|^566^|^614^|^33.605^|^33.605^|^33.605^|^3.7^|^33.605^|^1^|^604
565^|^567^|^615^|^33.605^|^33.605^|^33.605^|^3.7^|^33.605^|^1^|^605
566^|^568^|^616^|^33.605^|^33.605^|^33.605^|^3.7^|^33.605^|^1^|^606
567^|^569^|^617^|^33.605^|^33.605^|^33.605^|^3.7^|^33.605^|^1^|^607
568^|^570^|^618^|^33.605^|^33.605^|^33.605^|^3.7^|^33.605^|^1^|^608
569^|^571^|^619^|^33.605^|^33.605^|^33.605^|^3.7^|^33.605^|^1^|^609
570^|^572^|^620^|^33.605^|^33.605^|^33.605^|^3.7^|^33.605^|^1^|^610
571^|^573^|^621^|^33.605^|^33.605^|^33.605^|^3.7^|^33.605^|^1^|^611
572^|^574^|^622^|^33.605^|^33.605^|^33.605^|^3.7^|^33.605^|^1^|^612
573^|^575^|^623^|^33.605^|^33.605^|^33.605^|^3.7^|^33.605^|^1^|^613
574^|^576^|^624^|^33.605^|^33.605^|^33.605^|^3.7^|^33.605^|^1^|^614
575^|^577^|^625^|^33.605^|^33.605^|^33.605^|^3.7^|^33.605^|^1^|^615
576^|^578^|^626^|^33.605^|^33.605^|^33.605^|^3.7^|^33.605^|^1^|^616
577^|^579^|^627^|^33.605^|^33.605^|^33.605^|^3.7^|^33.605^|^1^|^617
578^|^580^|^628^|^33.605^|^33.605^|^33.605^|^3.7^|^33.605^|^1^|^618
579^|^581^|^629^|^33.605^|^33.605^|^33.605^|^3.7^|^33.605^|^1^|^619
580^|^582^|^630^|^33.605^|^33.605^|^33.605^|^3.7^|^33.605^|^1^|^620
581^|^583^|^631^|^33.605^|^33.605^|^33.605^|^3.7^|^33.605^|^1^|^621
582^|^584^|^632^|^33.605^|^33.605^|^33.605^|^3.7^|^33.605^|^1^|^622
583^|^585^|^633^|^33.605^|^33.605^|^33.605^|^3.7^|^33.605^|^1^|^623
584^|^586^|^634^|^33.605^|^33.605^|^33.605^|^3.7^|^33.605^|^1^|^624
585^|^587^|^635^|^33.605^|^33.605^|^33.605^|^3.7^|^33.605^|^1^|^625
586^|^588^|^636^|^33.605^|^33.605^|^33.605^|^3.7^|^33.605^|^1^|^626
587^|^589^|^637^|^33.605^|^33.605^|^33.605^|^3.7^|^33.605^|^1^|^627
588^|^590^|^638^|^33.605^|^33.605^|^33.605^|^3.7^|^33.605^|^1^|^628
589^|^591^|^639^|^33.605^|^33.605^|^33.605^|^3.7^|^33.605^|^1^|^629
590^|^592^|^640^|^33.605^|^33.605^|^33.605^|^3.7^|^33.605^|^1^|^630
591^|^593^|^641^|^33.605^|^33.605^|^33.605^|^3.7^|^33.605^|^1^|^631
592^|^594^|^642^|^33.605^|^33.605^|^33.605^|^3.7^|^33.605^|^1^|^632
593^|^595^|^643^|^33.605^|^33.605^|^33.605^|^3.7^|^33.605^|^1^|^633
594^|^596^|^644^|^33.605^|^33.605^|^33.605^|^3.7^|^33.605^|^1^|^634
595^|^597^|^645^|^33.605^|^33.605^|^33.605^|^3.7^|^33.605^|^1^|^635
596^|^598^|^646^|^33.605^|^33.605^|^33.605^|^3.7^|^33.605^|^1^|^636
597^|^599^|^647^|^33.605^|^33.605^|^33.605^|^3.7^|^33.605^|^1^|^637
598^|^600^|^648^|^33.605^|^33.605^|^33.605^|^3.7^|^33.605^|^1^|^638
599^|^601^|^649^|^33.605^|^33.605^|^33.605^|^3.7^|^33.605^|^1^|^639
600^|^602^|^650^|^33.605^|^33.605^|^33.605^|^3.7^|^33.605^|^1^|^640
601^|^603^|^651^|^33.605^|^33.605^|^33.605^|^3.7^|^33.605^|^1^|^641
602^|^604^|^652^|^33.605^|^33.605^|^33.605^|^3.7^|^33.605^|^1^|^642
603^|^605^|^653^|^33.605^|^33.605^|^33.605^|^3.7^|^33.605^|^1^|^643
604^|^606^|^654^|^33.605^|^33.605^|^33.605^|^3.7^|^33.605^|^1^|^644
605^|^607^|^655^|^33.605^|^33.605^|^33.605^|^3.7^|^33.605^|^1^|^645
606^|^608^|^656^|^33.605^|^33.605^|^33.605^|^3.7^|^33.605^|^1^|^646
607^|^609^|^657^|^33.605^|^33.605^|^33.605^|^3.7^|^33.605^|^1^|^647
608^|^610^|^658^|^33.605^|^33.605^|^33.605^|^3.7^|^33.605^|^1^|^648
609^|^611^|^659^|^33.605^|^33.605^|^33.605^|^3.7^|^33.605^|^1^|^649
610^|^612^|^660^|^33.605^|^33.605^|^33.605^|^3.7^|^33.605^|^1^|^650
611^|^613^|^661^|^33.605^|^33.605^|^33.605^|^3.7^|^33.605^|^1^|^651
612^|^614^|^662^|^33.605^|^33.605^|^33.605^|^3.7^|^33.605^|^1^|^652
613^|^615^|^663^|^33.605^|^33.605^|^33.605^|^3.7^|^33.605^|^1^|^653
614^|^616^|^664^|^33.605^|^33.605^|^33.605^|^3.7^|^33.605^|^1^|^654
615^|^617^|^665^|^33.605^|^33.605^|^33.605^|^3.7^|^33.605^|^1^|^655
616^|^618^|^666^|^33.605^|^33.605^|^33.605^|^3.7^|^33.605^|^1^|^656
617^|^619^|^667^|^33.605^|^33.605^|^33.605^|^3.7^|^33.605^|^1^|^657
618^|^620^|^668^|^33.605^|^33.605^|^33.605^|^3.7^|^33.605^|^1^|^658
619^|^621^|^669^|^33.605^|^33.605^|^33.605^|^3.7^|^33.605^|^1^|^659
620^|^622^|^670^|^33.605^|^33.605^|^33.605^|^3.7^|^33.605^|^1^|^660
621^|^623^|^671^|^33.605^|^33.605^|^33.605^|^3.7^|^33.605^|^1^|^661
622^|^624^|^672^|^33.605^|^33.605^|^33.605^|^3.7^|^33.605^|^1^|^662
623^|^625^|^673^|^33.605^|^33.605^|^33.605^|^3.7^|^33.605^|^1^|^663
624^|^626^|^674^|^33.605^|^33.605^|^33.605^|^3.7^|^33.605^|^1^|^664
625^|^627^|^675^|^33.605^|^33.605^|^33.605^|^3.7^|^33.605^|^1^|^665
626^|^628^|^676^|^33.605^|^33.605^|^33.605^|^3.7^|^33.605^|^1^|^666
627^|^629^|^677^|^33.605^|^33.605^|^33.605^|^3.7^|^33.605^|^1^|^667
628^|^630^|^678^|^33.605^|^33.605^|^33.605^|^3.7^|^33.605^|^1^|^668
629^|^631^|^679^|^33.605^|^33.605^|^33.605^|^3.7^|^33.605^|^1^|^669
630^|^632^|^680^|^33.605^|^33.605^|^33.605^|^3.7^|^33.605^|^1^|^670
631^|^633^|^681^|^33.605^|^33.605^|^33.605^|^3.7^|^33.605^|^1^|^671
632^|^634^|^682^|^33.605^|^33.605^|^33.605^|^3.7^|^33.605^|^1^|^672
633^|^635^|^683^|^33.605^|^33.605^|^33.605^|^3.7^|^33.605^|^1^|^673
634^|^636^|^684^|^33.605^|^33.605^|^33.605^|^3.7^|^33.605^|^1^|^674
635^|^637^|^685^|^33.605^|^33.605^|^33.605^|^3.7^|^33.605^|^1^|^675
636^|^638^|^686^|^33.605^|^33.605^|^33.605^|^3.7^|^33.605^|^1^|^676
637^|^639^|^687^|^33.605^|^33.605^|^33.605^|^3.7^|^33.605^|^1^|^677
638^|^640^|^688^|^33.605^|^33.605^|^33.605^|^3.7^|^33.605^|^1^|^678
639^|^641^|^689^|^33.605^|^33.605^|^33.605^|^3.7^|^33.605^|^1^|^679
640^|^642^|^690^|^33.605^|^33.605^|^33.605^|^3.7^|^33.605^|^1^|^680
641^|^643^|^691^|^33.605^|^33.605^|^33.605^|^3.7^|^33.605^|^1^|^681
642^|^644^|^692^|^33.605^|^33.605^|^33.605^|^3.7^|^33.605^|^1^|^682
643^|^645^|^693^|^33.605^|^33.605^|^33.605^|^3.7^|^33.605^|^1^|^683
644^|^646^|^694^|^33.605^|^33.605^|^33.605^|^3.7^|^33.605^|^1^|^684
645^|^647^|^695^|^33.605^|^33.605^|^33.605^|^3.7^|^33.605^|^1^|^685
646^|^648^|^696^|^33.605^|^33.605^|^33.605^|^3.7^|^33.605^|^1^|^686
647^|^649^|^697^|^33.605^|^33.605^|^33.605^|^3.7^|^33.605^|^1^|^687
648^|^650^|^698^|^33.605^|^33.605^|^33.605^|^3.7^|^33.605^|^1^|^688
649^|^651^|^699^|^33.605^|^33.605^|^33.605^|^3.7^|^33.605^|^1^|^689
650^|^652^|^700^|^33.605^|^33.605^|^33.605^|^3.7^|^33.605^|^1^|^690
651^|^653^|^701^|^33.605^|^33.605^|^33.605^|^3.7^|^33.605^|^1^|^691
652^|^654^|^702^|^33.605^|^33.605^|^33.605^|^3.7^|^33.605^|^1^|^692
653^|^655^|^703^|^33.605^|^33.605^|^33.605^|^3.7^|^33.605^|^1^|^693
654^|^656^|^704^|^33.605^|^33.605^|^33.605^|^3.7^|^33.605^|^1^|^694
655^|^657^|^705^|^33.605^|^33.605^|^33.605^|^3.7^|^33.605^|^1^|^695
656^|^658^|^706^|^33.605^|^33.605^|^33.605^|^3.7^|^33.605^|^1^|^696
657^|^659^|^707^|^33.605^|^33.605^|^33.605^|^3.7^|^33.605^|^1^|^697
658^|^660^|^708^|^33.605^|^33.605^|^33.605^|^3.7^|^33.605^|^1^|^698
659^|^661^|^709^|^33.605^|^33.605^|^33.605^|^3.7^|^33.605^|^1^|^699
660^|^662^|^710^|^33.605^|^33.605^|^33.605^|^3.7^|^33.605^|^1^|^700
661^|^663^|^711^|^33.605^|^33.605^|^33.605^|^3.7^|^33.605^|^1^|^701
662^|^664^|^712^|^33.605^|^33.605^|^33.605^|^3.7^|^33.605^|^1^|^702
663^|^665^|^713^|^33.605^|^33.605^|^33.605^|^3.7^|^33.605^|^1^|^703
664^|^666^|^714^|^33.605^|^33.605^|^33.605^|^3.7^|^33.605^|^1^|^704
665^|^667^|^715^|^33.605^|^33.605^|^33.605^|^3.7^|^33.605^|^1^|^705
666^|^668^|^716^|^33.605^|^33.605^|^33.605^|^3.7^|^33.605^|^1^|^706
667^|^669^|^717^|^33.605^|^33.605^|^33.605^|^3.7^|^33.605^|^1^|^707
668^|^670^|^718^|^33.605^|^33.605^|^33.605^|^3.7^|^33.605^|^1^|^708
669^|^671^|^719^|^33.605^|^33.605^|^33.605^|^3.7^|^33.605^|^1^|^709
670^|^672^|^720^|^33.605^|^33.605^|^33.605^|^3.7^|^33.605^|^1^|^710
671^|^673^|^721^|^33.605^|^33.605^|^33.605^|^3.7^|^33.605^|^1^|^711
672^|^674^|^722^|^33.605^|^33.605^|^33.605^|^3.7^|^33.605^|^1^|^712
673^|^675^|^723^|^33.605^|^33.605^|^33.605^|^3.7^|^33.605^|^1^|^713
674^|^676^|^724^|^33.605^|^33.605^|^33.605^|^3.7^|^33.605^|^1^|^714
675^|^677^|^725^|^33.605^|^33.605^|^33.605^|^3.7^|^33.605^|^1^|^715
676^|^678^|^726^|^33.605^|^33.605^|^33.605^|^3.7^|^33.605^|^1^|^716
677^|^679^|^727^|^33.605^|^33.605^|^33.605^|^3.7^|^33.605^|^1^|^717
678^|^680^|^728^|^33.605^|^33.605^|^33.605^|^3.7^|^33.605^|^1^|^718
679^|^681^|^729^|^33.605^|^33.605^|^33.605^|^3.7^|^33.605^|^1^|^719
680^|^682^|^730^|^33.605^|^33.605^|^33.605^|^3.7^|^33.605^|^1^|^720
681^|^683^|^731^|^33.605^|^33.605^|^33.605^|^3.7^|^33.605^|^1^|^721
682^|^684^|^732^|^33.605^|^33.605^|^33.605^|^3.7^|^33.605^|^1^|^722
683^|^685^|^733^|^33.605^|^33.605^|^33.605^|^3.7^|^33.605^|^1^|^723
684^|^686^|^734^|^33.605^|^33.605^|^33.605^|^3.7^|^33.605^|^1^|^724
685^|^687^|^735^|^33.605^|^33.605^|^33.605^|^3.7^|^33.605^|^1^|^725
686^|^688^|^736^|^33.605^|^33.605^|^33.605^|^3.7^|^33.605^|^1^|^726
687^|^689^|^737^|^33.605^|^33.605^|^33.605^|^3.7^|^33.605^|^1^|^727
688^|^690^|^738^|^33.605^|^33.605^|^33.605^|^3.7^|^33.605^|^1^|^728
689^|^691^|^739^|^33.605^|^33.605^|^33.605^|^3.7^|^33.605^|^1^|^729
690^|^692^|^740^|^33.605^|^33.605^|^33.605^|^3.7^|^33.605^|^1^|^730
691^|^693^|^741^|^33.605^|^33.605^|^33.605^|^3.7^|^33.605^|^1^|^731
692^|^694^|^742^|^33.605^|^33.605^|^33.605^|^3.7^|^33.605^|^1^|^732
693^|^695^|^743^|^33.605^|^33.605^|^33.605^|^3.7^|^33.605^|^1^|^733
694^|^696^|^744^|^33.605^|^33.605^|^33.605^|^3.7^|^33.605^|^1^|^734
695^|^697^|^745^|^33.605^|^33.605^|^33.605^|^3.7^|^33.605^|^1^|^735
696^|^698^|^746^|^33.605^|^33.605^|^33.605^|^3.7^|^33.605^|^1^|^736
697^|^699^|^747^|^33.605^|^33.605^|^33.605^|^3.7^|^33.605^|^1^|^737
698^|^700^|^748^|^33.605^|^33.605^|^33.605^|^3.7^|^33.605^|^1^|^738
699^|^701^|^749^|^33.605^|^33.605^|^33.605^|^3.7^|^33.605^|^1^|^739
700^|^702^|^750^|^33.605^|^33.605^|^33.605^|^3.7^|^33.605^|^1^|^740
701^|^703^|^751^|^33.605^|^33.605^|^33.605^|^3.7^|^33.605^|^1^|^741
702^|^704^|^752^|^33.605^|^33.605^|^33.605^|^3.7^|^33.605^|^1^|^742
703^|^705^|^753^|^33.605^|^33.605^|^33.605^|^3.7^|^33.605^|^1^|^743
704^|^706^|^754^|^33.605^|^33.605^|^33.605^|^3.7^|^33.605^|^1^|^744
705^|^707^|^755^|^33.605^|^33.605^|^33.605^|^3.7^|^33.605^|^1^|^745
706^|^708^|^756^|^33.605^|^33.605^|^33.605^|^3.7^|^33.605^|^1^|^746
707^|^709^|^757^|^33.605^|^33.605^|^33.605^|^3.7^|^33.605^|^1^|^747
708^|^710^|^758^|^33.605^|^33.605^|^33.605^|^3.7^|^33.605^|^1^|^748
709^|^711^|^759^|^33.605^|^33.605^|^33.605^|^3.7^|^33.605^|^1^|^749
710^|^712^|^760^|^33.605^|^33.605^|^33.605^|^3.7^|^33.605^|^1^|^750
711^|^713^|^761^|^33.605^|^33.605^|^33.605^|^3.7^|^33.605^|^1^|^751
712^|^714^|^762^|^33.605^|^33.605^|^33.605^|^3.7^|^33.605^|^1^|^752
713^|^715^|^763^|^33.605^|^33.605^|^33.605^|^3.7^|^33.605^|^1^|^753
714^|^716^|^764^|^33.605^|^33.605^|^33.605^|^3.7^|^33.605^|^1^|^754
715^|^717^|^765^|^33.605^|^33.605^|^33.605^|^3.7^|^33.605^|^1^|^755
716^|^718^|^766^|^33.605^|^33.605^|^33.605^|^3.7^|^33.605^|^1^|^756
717^|^719^|^767^|^33.605^|^33.605^|^33.605^|^3.7^|^33.605^|^1^|^757
718^|^720^|^768^|^33.605^|^33.605^|^33.605^|^3.7^|^33.605^|^1^|^758
719^|^721^|^769^|^33.605^|^33.605^|^33.605^|^3.7^|^33.605^|^1^|^759
720^|^722^|^770^|^33.605^|^33.605^|^33.605^|^3.7^|^33.605^|^1^|^760
721^|^723^|^771^|^33.605^|^33.605^|^33.605^|^3.7^|^33.605^|^1^|^761
722^|^724^|^772^|^33.605^|^33.605^|^33.605^|^3.7^|^33.605^|^1^|^762
723^|^725^|^773^|^33.605^|^33.605^|^33.605^|^3.7^|^33.605^|^1^|^763
724^|^726^|^774^|^33.605^|^33.605^|^33.605^|^3.7^|^33.605^|^1^|^764
725^|^727^|^775^|^33.605^|^33.605^|^33.605^|^3.7^|^33.605^|^1^|^765
726^|^728^|^776^|^33.605^|^33.605^|^33.605^|^3.7^|^33.605^|^1^|^766
727^|^729^|^777^|^33.605^|^33.605^|^33.605^|^3.7^|^33.605^|^1^|^767
728^|^730^|^778^|^33.605^|^33.605^|^33.605^|^3.7^|^33.605^|^1^|^768
729^|^731^|^779^|^33.605^|^33.605^|^33.605^|^3.7^|^33.605^|^1^|^769
730^|^732^|^780^|^33.605^|^33.605^|^33.605^|^3.7^|^33.605^|^1^|^770
731^|^733^|^781^|^33.605^|^33.605^|^33.605^|^3.7^|^33.605^|^1^|^771
732^|^734^|^782^|^33.605^|^33.605^|^33.605^|^3.7^|^33.605^|^1^|^772
733^|^735^|^783^|^33.605^|^33.605^|^33.605^|^3.7^|^33.605^|^1^|^773
734^|^736^|^784^|^33.605^|^33.605^|^33.605^|^3.7^|^33.605^|^1^|^774
735^|^737^|^785^|^33.605^|^33.605^|^33.605^|^3.7^|^33.605^|^1^|^775
736^|^738^|^786^|^33.605^|^33.605^|^33.605^|^3.7^|^33.605^|^1^|^776
737^|^739^|^787^|^33.605^|^33.605^|^33.605^|^3.7^|^33.605^|^1^|^777
738^|^740^|^788^|^33.605^|^33.605^|^33.605^|^3.7^|^33.605^|^1^|^778
739^|^741^|^789^|^33.605^|^33.605^|^33.605^|^3.7^|^33.605^|^1^|^779
740^|^742^|^790^|^33.605^|^33.605^|^33.605^|^3.7^|^33.605^|^1^|^780
741^|^743^|^791^|^33.605^|^33.605^|^33.605^|^3.7^|^33.605^|^1^|^781
742^|^744^|^792^|^33.605^|^33.605^|^33.605^|^3.7^|^33.605^|^1^|^782
743^|^745^|^793^|^33.605^|^33.605^|^33.605^|^3.7^|^33.605^|^1^|^783
744^|^746^|^794^|^33.605^|^33.605^|^33.605^|^3.7^|^33.605^|^1^|^784
745^|^747^|^795^|^33.605^|^33.605^|^33.605^|^3.7^|^33.605^|^1^|^785
746^|^748^|^796^|^33.605^|^33.605^|^33.605^|^3.7^|^33.605^|^1^|^786
747^|^749^|^797^|^33.605^|^33.605^|^33.605^|^3.7^|^33.605^|^1^|^787
748^|^750^|^798^|^33.605^|^33.605^|^33.605^|^3.7^|^33.605^|^1^|^788
749^|^751^|^799^|^33.605^|^33.605^|^33.605^|^3.7^|^33.605^|^1^|^789
750^|^752^|^800^|^33.605^|^33.605^|^33.605^|^3.7^|^33.605^|^1^|^790
751^|^753^|^801^|^33.605^|^33.605^|^33.605^|^3.7^|^33.605^|^1^|^791
752^|^754^|^802^|^33.605^|^33.605^|^33.605^|^3.7^|^33.605^|^1^|^792
753^|^755^|^803^|^33.605^|^33.605^|^33.605^|^3.7^|^33.605^|^1^|^793
754^|^756^|^804^|^33.605^|^33.605^|^33.605^|^3.7^|^33.605^|^1^|^794
755^|^757^|^805^|^33.605^|^33.605^|^33.605^|^3.7^|^33.605^|^1^|^795
756^|^758^|^806^|^33.605^|^33.605^|^33.605^|^3.7^|^33.605^|^1^|^796
757^|^759^|^807^|^33.605^|^33.605^|^33.605^|^3.7^|^33.605^|^1^|^797
758^|^760^|^808^|^33.605^|^33.605^|^33.605^|^3.7^|^33.605^|^1^|^798
759^|^761^|^809^|^33.605^|^33.605^|^33.605^|^3.7^|^33.605^|^1^|^799
760^|^762^|^810^|^33.605^|^33.605^|^33.605^|^3.7^|^33.605^|^1^|^800
761^|^763^|^811^|^33.605^|^33.605^|^33.605^|^3.7^|^33.605^|^1^|^801
762^|^764^|^812^|^33.605^|^33.605^|^33.605^|^3.7^|^33.605^|^1^|^802
763^|^765^|^813^|^33.605^|^33.605^|^33.605^|^3.7^|^33.605^|^1^|^803
764^|^766^|^814^|^33.605^|^33.605^|^33.605^|^3.7^|^33.605^|^1^|^804
765^|^767^|^815^|^33.605^|^33.605^|^33.605^|^3.7^|^33.605^|^1^|^805
766^|^768^|^816^|^33.605^|^33.605^|^33.605^|^3.7^|^33.605^|^1^|^806
767^|^769^|^817^|^33.605^|^33.605^|^33.605^|^3.7^|^33.605^|^1^|^807
768^|^770^|^818^|^33.605^|^33.605^|^33.605^|^3.7^|^33.605^|^1^|^808
769^|^771^|^819^|^33.605^|^33.605^|^33.605^|^3.7^|^33.605^|^1^|^809
770^|^772^|^820^|^33.605^|^33.605^|^33.605^|^3.7^|^33.605^|^1^|^810
771^|^773^|^821^|^33.605^|^33.605^|^33.605^|^3.7^|^33.605^|^1^|^811
772^|^774^|^822^|^33.605^|^33.605^|^33.605^|^3.7^|^33.605^|^1^|^812
773^|^775^|^823^|^33.605^|^33.605^|^33.605^|^3.7^|^33.605^|^1^|^813
774^|^776^|^824^|^33.605^|^33.605^|^33.605^|^3.7^|^33.605^|^1^|^814
775^|^777^|^825^|^33.605^|^33.605^|^33.605^|^3.7^|^33.605^|^1^|^815
776^|^778^|^826^|^33.605^|^33.605^|^33.605^|^3.7^|^33.605^|^1^|^816
777^|^779^|^827^|^33.605^|^33.605^|^33.605^|^3.7^|^33.605^|^1^|^817
778^|^780^|^828^|^33.605^|^33.605^|^33.605^|^3.7^|^33.605^|^1^|^818
779^|^781^|^829^|^33.605^|^33.605^|^33.605^|^3.7^|^33.605^|^1^|^819
780^|^782^|^830^|^33.605^|^33.605^|^33.605^|^3.7^|^33.605^|^1^|^820
781^|^783^|^831^|^33.605^|^33.605^|^33.605^|^3.7^|^33.605^|^1^|^821
782^|^784^|^832^|^33.605^|^33.605^|^33.605^|^3.7^|^33.605^|^1^|^822
783^|^785^|^833^|^33.605^|^33.605^|^33.605^|^3.7^|^33.605^|^1^|^823
784^|^786^|^834^|^33.605^|^33.605^|^33.605^|^3.7^|^33.605^|^1^|^824
785^|^787^|^835^|^33.605^|^33.605^|^33.605^|^3.7^|^33.605^|^1^|^825
786^|^788^|^836^|^33.605^|^33.605^|^33.605^|^3.7^|^33.605^|^1^|^826
787^|^789^|^837^|^33.605^|^33.605^|^33.605^|^3.7^|^33.605^|^1^|^827
788^|^790^|^838^|^33.605^|^33.605^|^33.605^|^3.7^|^33.605^|^1^|^828
789^|^791^|^839^|^33.605^|^33.605^|^33.605^|^3.7^|^33.605^|^1^|^829
790^|^792^|^840^|^33.605^|^33.605^|^33.605^|^3.7^|^33.605^|^1^|^830
791^|^793^|^841^|^33.605^|^33.605^|^33.605^|^3.7^|^33.605^|^1^|^831
792^|^794^|^842^|^33.605^|^33.605^|^33.605^|^3.7^|^33.605^|^1^|^832
793^|^795^|^843^|^33.605^|^33.605^|^33.605^|^3.7^|^33.605^|^1^|^833
794^|^796^|^844^|^33.605^|^33.605^|^33.605^|^3.7^|^33.605^|^1^|^834
795^|^797^|^845^|^33.605^|^33.605^|^33.605^|^3.7^|^33.605^|^1^|^835
796^|^798^|^846^|^33.605^|^33.605^|^33.605^|^3.7^|^33.605^|^1^|^836
797^|^799^|^847^|^33.605^|^33.605^|^33.605^|^3.7^|^33.605^|^1^|^837
798^|^800^|^848^|^33.605^|^33.605^|^33.605^|^3.7^|^33.605^|^1^|^838
799^|^801^|^849^|^33.605^|^33.605^|^33.605^|^3.7^|^33.605^|^1^|^839
800^|^802^|^850^|^33.605^|^33.605^|^33.605^|^3.7^|^33.605^|^1^|^840
801^|^803^|^851^|^33.605^|^33.605^|^33.605^|^3.7^|^33.605^|^1^|^841
802^|^804^|^852^|^33.605^|^33.605^|^33.605^|^3.7^|^33.605^|^1^|^842
803^|^805^|^853^|^33.605^|^33.605^|^33.605^|^3.7^|^33.605^|^1^|^843
804^|^806^|^854^|^33.605^|^33.605^|^33.605^|^3.7^|^33.605^|^1^|^844
805^|^807^|^855^|^33.605^|^33.605^|^33.605^|^3.7^|^33.605^|^1^|^845
806^|^808^|^856^|^33.605^|^33.605^|^33.605^|^3.7^|^33.605^|^1^|^846
807^|^809^|^857^|^33.605^|^33.605^|^33.605^|^3.7^|^33.605^|^1^|^847
808^|^810^|^858^|^33.605^|^33.605^|^33.605^|^3.7^|^33.605^|^1^|^848
809^|^811^|^859^|^33.605^|^33.605^|^33.605^|^3.7^|^33.605^|^1^|^849
810^|^812^|^860^|^33.605^|^33.605^|^33.605^|^3.7^|^33.605^|^1^|^850
811^|^813^|^861^|^33.605^|^33.605^|^33.605^|^3.7^|^33.605^|^1^|^851
812^|^814^|^862^|^33.605^|^33.605^|^33.605^|^3.7^|^33.605^|^1^|^852
813^|^815^|^863^|^33.605^|^33.605^|^33.605^|^3.7^|^33.605^|^1^|^853
814^|^816^|^864^|^33.605^|^33.605^|^33.605^|^3.7^|^33.605^|^1^|^854
815^|^817^|^865^|^33.605^|^33.605^|^33.605^|^3.7^|^33.605^|^1^|^855
816^|^818^|^866^|^33.605^|^33.605^|^33.605^|^3.7^|^33.605^|^1^|^856
817^|^819^|^867^|^33.605^|^33.605^|^33.605^|^3.7^|^33.605^|^1^|^857
818^|^820^|^868^|^33.605^|^33.605^|^33.605^|^3.7^|^33.605^|^1^|^858
819^|^821^|^869^|^33.605^|^33.605^|^33.605^|^3.7^|^33.605^|^1^|^859
820^|^822^|^870^|^33.605^|^33.605^|^33.605^|^3.7^|^33.605^|^1^|^860
821^|^823^|^871^|^33.605^|^33.605^|^33.605^|^3.7^|^33.605^|^1^|^861
822^|^824^|^872^|^33.605^|^33.605^|^33.605^|^3.7^|^33.605^|^1^|^862
823^|^825^|^873^|^33.605^|^33.605^|^33.605^|^3.7^|^33.605^|^1^|^863
824^|^826^|^874^|^33.605^|^33.605^|^33.605^|^3.7^|^33.605^|^1^|^864
825^|^827^|^875^|^33.605^|^33.605^|^33.605^|^3.7^|^33.605^|^1^|^865
826^|^828^|^876^|^33.605^|^33.605^|^33.605^|^3.7^|^33.605^|^1^|^866
827^|^829^|^877^|^33.605^|^33.605^|^33.605^|^3.7^|^33.605^|^1^|^867
828^|^830^|^878^|^33.605^|^33.605^|^33.605^|^3.7^|^33.605^|^1^|^868
829^|^831^|^879^|^33.605^|^33.605^|^33.605^|^3.7^|^33.605^|^1^|^869
830^|^832^|^880^|^33.605^|^33.605^|^33.605^|^3.7^|^33.605^|^1^|^870
831^|^833^|^881^|^33.605^|^33.605^|^33.605^|^3.7^|^33.605^|^1^|^871
832^|^834^|^882^|^33.605^|^33.605^|^33.605^|^3.7^|^33.605^|^1^|^872
833^|^835^|^883^|^33.605^|^33.605^|^33.605^|^3.7^|^33.605^|^1^|^873
834^|^836^|^884^|^33.605^|^33.605^|^33.605^|^3.7^|^33.605^|^1^|^874
835^|^837^|^885^|^33.605^|^33.605^|^33.605^|^3.7^|^33.605^|^1^|^875
836^|^838^|^886^|^33.605^|^33.605^|^33.605^|^3.7^|^33.605^|^1^|^876
837^|^839^|^887^|^33.605^|^33.605^|^33.605^|^3.7^|^33.605^|^1^|^877
838^|^840^|^888^|^33.605^|^33.605^|^33.605^|^3.7^|^33.605^|^1^|^878
839^|^841^|^889^|^33.605^|^33.605^|^33.605^|^3.7^|^33.605^|^1^|^879
840^|^842^|^890^|^33.605^|^33.605^|^33.605^|^3.7^|^33.605^|^1^|^880
841^|^843^|^891^|^33.605^|^33.605^|^33.605^|^3.7^|^33.605^|^1^|^881
842^|^844^|^892^|^33.605^|^33.605^|^33.605^|^3.7^|^33.605^|^1^|^882
843^|^845^|^893^|^33.605^|^33.605^|^33.605^|^3.7^|^33.605^|^1^|^883
844^|^846^|^894^|^33.605^|^33.605^|^33.605^|^3.7^|^33.605^|^1^|^884
845^|^847^|^895^|^33.605^|^33.605^|^33.605^|^3.7^|^33.605^|^1^|^885
846^|^848^|^896^|^33.605^|^33.605^|^33.605^|^3.7^|^33.605^|^1^|^886
847^|^849^|^897^|^33.605^|^33.605^|^33.605^|^3.7^|^33.605^|^1^|^887
848^|^850^|^898^|^33.605^|^33.605^|^33.605^|^3.7^|^33.605^|^1^|^888
849^|^851^|^899^|^33.605^|^33.605^|^33.605^|^3.7^|^33.605^|^1^|^889
850^|^852^|^900^|^33.605^|^33.605^|^33.605^|^3.7^|^33.605^|^1^|^890
851^|^853^|^901^|^33.605^|^33.605^|^33.605^|^3.7^|^33.605^|^1^|^891
852^|^854^|^902^|^33.605^|^33.605^|^33.605^|^3.7^|^33.605^|^1^|^892
853^|^855^|^903^|^33.605^|^33.605^|^33.605^|^3.7^|^33.605^|^1^|^893
854^|^856^|^904^|^33.605^|^33.605^|^33.605^|^3.7^|^33.605^|^1^|^894
855^|^857^|^905^|^33.605^|^33.605^|^33.605^|^3.7^|^33.605^|^1^|^895
856^|^858^|^906^|^33.605^|^33.605^|^33.605^|^3.7^|^33.605^|^1^|^896
857^|^859^|^907^|^33.605^|^33.605^|^33.605^|^3.7^|^33.605^|^1^|^897
858^|^860^|^908^|^33.605^|^33.605^|^33.605^|^3.7^|^33.605^|^1^|^898
859^|^861^|^909^|^33.605^|^33.605^|^33.605^|^3.7^|^33.605^|^1^|^899
860^|^862^|^910^|^33.605^|^33.605^|^33.605^|^3.7^|^33.605^|^1^|^900
861^|^863^|^911^|^33.605^|^33.605^|^33.605^|^3.7^|^33.605^|^1^|^901
862^|^864^|^912^|^33.605^|^33.605^|^33.605^|^3.7^|^33.605^|^1^|^902
863^|^865^|^913^|^33.605^|^33.605^|^33.605^|^3.7^|^33.605^|^1^|^903
864^|^866^|^914^|^33.605^|^33.605^|^33.605^|^3.7^|^33.605^|^1^|^904
865^|^867^|^915^|^33.605^|^33.605^|^33.605^|^3.7^|^33.605^|^1^|^905
866^|^868^|^916^|^33.605^|^33.605^|^33.605^|^3.7^|^33.605^|^1^|^906
867^|^869^|^917^|^33.605^|^33.605^|^33.605^|^3.7^|^33.605^|^1^|^907
868^|^870^|^918^|^33.605^|^33.605^|^33.605^|^3.7^|^33.605^|^1^|^908
869^|^871^|^919^|^33.605^|^33.605^|^33.605^|^3.7^|^33.605^|^1^|^909
870^|^872^|^920^|^33.605^|^33.605^|^33.605^|^3.7^|^33.605^|^1^|^910
871^|^873^|^921^|^33.605^|^33.605^|^33.605^|^3.7^|^33.605^|^1^|^911
872^|^874^|^922^|^33.605^|^33.605^|^33.605^|^3.7^|^33.605^|^1^|^912
873^|^875^|^923^|^33.605^|^33.605^|^33.605^|^3.7^|^33.605^|^1^|^913
874^|^876^|^924^|^33.605^|^33.605^|^33.605^|^3.7^|^33.605^|^1^|^914
875^|^877^|^925^|^33.605^|^33.605^|^33.605^|^3.7^|^33.605^|^1^|^915
876^|^878^|^926^|^33.605^|^33.605^|^33.605^|^3.7^|^33.605^|^1^|^916
877^|^879^|^927^|^33.605^|^33.605^|^33.605^|^3.7^|^33.605^|^1^|^917
878^|^880^|^928^|^33.605^|^33.605^|^33.605^|^3.7^|^33.605^|^1^|^918
879^|^881^|^929^|^33.605^|^33.605^|^33.605^|^3.7^|^33.605^|^1^|^919
880^|^882^|^930^|^33.605^|^33.605^|^33.605^|^3.7^|^33.605^|^1^|^920
881^|^883^|^931^|^33.605^|^33.605^|^33.605^|^3.7^|^33.605^|^1^|^921
882^|^884^|^932^|^33.605^|^33.605^|^33.605^|^3.7^|^33.605^|^1^|^922
883^|^885^|^933^|^33.605^|^33.605^|^33.605^|^3.7^|^33.605^|^1^|^923
884^|^886^|^934^|^33.605^|^33.605^|^33.605^|^3.7^|^33.605^|^1^|^924
885^|^887^|^935^|^33.605^|^33.605^|^33.605^|^3.7^|^33.605^|^1^|^925
886^|^888^|^936^|^33.605^|^33.605^|^33.605^|^3.7^|^33.605^|^1^|^926
887^|^889^|^937^|^33.605^|^33.605^|^33.605^|^3.7^|^33.605^|^1^|^927
888^|^890^|^938^|^33.605^|^33.605^|^33.605^|^3.7^|^33.605^|^1^|^928
889^|^891^|^939^|^33.605^|^33.605^|^33.605^|^3.7^|^33.605^|^1^|^929
890^|^892^|^940^|^33.605^|^33.605^|^33.605^|^3.7^|^33.605^|^1^|^930
891^|^893^|^941^|^33.605^|^33.605^|^33.605^|^3.7^|^33.605^|^1^|^931
892^|^894^|^942^|^33.605^|^33.605^|^33.605^|^3.7^|^33.605^|^1^|^932
893^|^895^|^943^|^33.605^|^33.605^|^33.605^|^3.7^|^33.605^|^1^|^933
894^|^896^|^944^|^33.605^|^33.605^|^33.605^|^3.7^|^33.605^|^1^|^934
895^|^897^|^945^|^33.605^|^33.605^|^33.605^|^3.7^|^33.605^|^1^|^935
896^|^898^|^946^|^33.605^|^33.605^|^33.605^|^3.7^|^33.605^|^1^|^936
897^|^899^|^947^|^33.605^|^33.605^|^33.605^|^3.7^|^33.605^|^1^|^937
898^|^900^|^948^|^33.605^|^33.605^|^33.605^|^3.7^|^33.605^|^1^|^938
899^|^901^|^949^|^33.605^|^33.605^|^33.605^|^3.7^|^33.605^|^1^|^939
900^|^902^|^950^|^33.605^|^33.605^|^33.605^|^3.7^|^33.605^|^1^|^940
901^|^903^|^951^|^33.605^|^33.605^|^33.605^|^3.7^|^33.605^|^1^|^941
902^|^904^|^952^|^33.605^|^33.605^|^33.605^|^3.7^|^33.605^|^1^|^942
903^|^905^|^953^|^33.605^|^33.605^|^33.605^|^3.7^|^33.605^|^1^|^943
904^|^906^|^954^|^33.605^|^33.605^|^33.605^|^3.7^|^33.605^|^1^|^944
905^|^907^|^955^|^33.605^|^33.605^|^33.605^|^3.7^|^33.605^|^1^|^945
906^|^908^|^956^|^33.605^|^33.605^|^33.605^|^3.7^|^33.605^|^1^|^946
907^|^909^|^957^|^33.605^|^33.605^|^33.605^|^3.7^|^33.605^|^1^|^947
908^|^910^|^958^|^33.605^|^33.605^|^33.605^|^3.7^|^33.605^|^1^|^948
909^|^911^|^959^|^33.605^|^33.605^|^33.605^|^3.7^|^33.605^|^1^|^949
910^|^912^|^960^|^33.605^|^33.605^|^33.605^|^3.7^|^33.605^|^1^|^950
911^|^913^|^961^|^33.605^|^33.605^|^33.605^|^3.7^|^33.605^|^1^|^951
912^|^914^|^962^|^33.605^|^33.605^|^33.605^|^3.7^|^33.605^|^1^|^952
913^|^915^|^963^|^33.605^|^33.605^|^33.605^|^3.7^|^33.605^|^1^|^953
914^|^916^|^964^|^33.605^|^33.605^|^33.605^|^3.7^|^33.605^|^1^|^954
915^|^917^|^965^|^33.605^|^33.605^|^33.605^|^3.7^|^33.605^|^1^|^955
916^|^918^|^966^|^33.605^|^33.605^|^33.605^|^3.7^|^33.605^|^1^|^956
917^|^919^|^967^|^33.605^|^33.605^|^33.605^|^3.7^|^33.605^|^1^|^957
918^|^920^|^968^|^33.605^|^33.605^|^33.605^|^3.7^|^33.605^|^1^|^958
919^|^921^|^969^|^33.605^|^33.605^|^33.605^|^3.7^|^33.605^|^1^|^959
920^|^922^|^970^|^33.605^|^33.605^|^33.605^|^3.7^|^33.605^|^1^|^960
921^|^923^|^971^|^33.605^|^33.605^|^33.605^|^3.7^|^33.605^|^1^|^961
922^|^924^|^972^|^33.605^|^33.605^|^33.605^|^3.7^|^33.605^|^1^|^962
923^|^925^|^973^|^33.605^|^33.605^|^33.605^|^3.7^|^33.605^|^1^|^963
924^|^926^|^974^|^33.605^|^33.605^|^33.605^|^3.7^|^33.605^|^1^|^964
925^|^927^|^975^|^33.605^|^33.605^|^33.605^|^3.7^|^33.605^|^1^|^965
926^|^928^|^976^|^33.605^|^33.605^|^33.605^|^3.7^|^33.605^|^1^|^966
927^|^929^|^977^|^33.605^|^33.605^|^33.605^|^3.7^|^33.605^|^1^|^967
928^|^930^|^978^|^33.605^|^33.605^|^33.605^|^3.7^|^33.605^|^1^|^968
929^|^931^|^979^|^33.605^|^33.605^|^33.605^|^3.7^|^33.605^|^1^|^969
930^|^932^|^980^|^33.605^|^33.605^|^33.605^|^3.7^|^33.605^|^1^|^970
931^|^933^|^981^|^33.605^|^33.605^|^33.605^|^3.7^|^33.605^|^1^|^971
932^|^934^|^982^|^33.605^|^33.605^|^33.605^|^3.7^|^33.605^|^1^|^972
933^|^935^|^983^|^33.605^|^33.605^|^33.605^|^3.7^|^33.605^|^1^|^973
934^|^936^|^984^|^33.605^|^33.605^|^33.605^|^3.7^|^33.605^|^1^|^974
935^|^937^|^985^|^33.605^|^33.605^|^33.605^|^3.7^|^33.605^|^1^|^975
936^|^938^|^986^|^33.605^|^33.605^|^33.605^|^3.7^|^33.605^|^1^|^976
937^|^939^|^987^|^33.605^|^33.605^|^33.605^|^3.7^|^33.605^|^1^|^977
938^|^940^|^988^|^33.605^|^33.605^|^33.605^|^3.7^|^33.605^|^1^|^978
939^|^941^|^989^|^33.605^|^33.605^|^33.605^|^3.7^|^33.605^|^1^|^979
940^|^942^|^990^|^33.605^|^33.605^|^33.605^|^3.7^|^33.605^|^1^|^980
941^|^943^|^991^|^33.605^|^33.605^|^33.605^|^3.7^|^33.605^|^1^|^981
942^|^944^|^992^|^33.605^|^33.605^|^33.605^|^3.7^|^33.605^|^1^|^982
943^|^945^|^993^|^33.605^|^33.605^|^33.605^|^3.7^|^33.605^|^1^|^983
944^|^946^|^994^|^33.605^|^33.605^|^33.605^|^3.7^|^33.605^|^1^|^984
945^|^947^|^995^|^33.605^|^33.605^|^33.605^|^3.7^|^33.605^|^1^|^985
946^|^948^|^996^|^33.605^|^33.605^|^33.605^|^3.7^|^33.605^|^1^|^986
947^|^949^|^997^|^33.605^|^33.605^|^33.605^|^3.7^|^33.605^|^1^|^987
948^|^950^|^998^|^33.605^|^33.605^|^33.605^|^3.7^|^33.605^|^1^|^988
949^|^951^|^999^|^33.605^|^33.605^|^33.605^|^3.7^|^33.605^|^1^|^989
950^|^952^|^1000^|^33.605^|^33.605^|^33.605^|^3.7^|^33.605^|^1^|^990
951^|^953^|^1001^|^33.605^|^33.605^|^33.605^|^3.7^|^33.605^|^1^|^991
952^|^954^|^1002^|^33.605^|^33.605^|^33.605^|^3.7^|^33.605^|^1^|^992
953^|^955^|^1003^|^33.605^|^33.605^|^33.605^|^3.7^|^33.605^|^1^|^993
954^|^956^|^1004^|^33.605^|^33.605^|^33.605^|^3.7^|^33.605^|^1^|^994
955^|^957^|^1005^|^33.605^|^33.605^|^33.605^|^3.7^|^33.605^|^1^|^995
956^|^958^|^1006^|^33.605^|^33.605^|^33.605^|^3.7^|^33.605^|^1^|^996
957^|^959^|^1007^|^33.605^|^33.605^|^33.605^|^3.7^|^33.605^|^1^|^997
958^|^960^|^1008^|^33.605^|^33.605^|^33.605^|^3.7^|^33.605^|^1^|^998
959^|^961^|^1009^|^33.605^|^33.605^|^33.605^|^3.7^|^33.605^|^1^|^999
960^|^962^|^1010^|^33.605^|^33.605^|^33.605^|^3.7^|^33.605^|^1^|^1000
961^|^963^|^1011^|^33.605^|^33.605^|^33.605^|^3.7^|^33.605^|^1^|^1001
962^|^964^|^1012^|^33.605^|^33.605^|^33.605^|^3.7^|^33.605^|^1^|^1002
963^|^965^|^1013^|^33.605^|^33.605^|^33.605^|^3.7^|^33.605^|^1^|^1003
964^|^966^|^1014^|^33.605^|^33.605^|^33.605^|^3.7^|^33.605^|^1^|^1004
965^|^967^|^1015^|^33.605^|^33.605^|^33.605^|^3.7^|^33.605^|^1^|^1005
966^|^968^|^1016^|^33.605^|^33.605^|^33.605^|^3.7^|^33.605^|^1^|^1006
967^|^969^|^1017^|^33.605^|^33.605^|^33.605^|^3.7^|^33.605^|^1^|^1007
968^|^970^|^1018^|^33.605^|^33.605^|^33.605^|^3.7^|^33.605^|^1^|^1008
969^|^971^|^1019^|^33.605^|^33.605^|^33.605^|^3.7^|^33.605^|^1^|^1009
970^|^972^|^1020^|^33.605^|^33.605^|^33.605^|^3.7^|^33.605^|^1^|^1010
971^|^973^|^1021^|^33.605^|^33.605^|^33.605^|^3.7^|^33.605^|^1^|^1011
972^|^974^|^1022^|^33.605^|^33.605^|^33.605^|^3.7^|^33.605^|^1^|^1012
973^|^975^|^1023^|^33.605^|^33.605^|^33.605^|^3.7^|^33.605^|^1^|^1013
974^|^976^|^1024^|^33.605^|^33.605^|^33.605^|^3.7^|^33.605^|^1^|^1014
975^|^977^|^1025^|^33.605^|^33.605^|^33.605^|^3.7^|^33.605^|^1^|^1015
976^|^978^|^1026^|^33.605^|^33.605^|^33.605^|^3.7^|^33.605^|^1^|^1016
977^|^979^|^1027^|^33.605^|^33.605^|^33.605^|^3.7^|^33.605^|^1^|^1017
978^|^980^|^1028^|^33.605^|^33.605^|^33.605^|^3.7^|^33.605^|^1^|^1018
979^|^981^|^1029^|^33.605^|^33.605^|^33.605^|^3.7^|^33.605^|^1^|^1019
980^|^982^|^1030^|^33.605^|^33.605^|^33.605^|^3.7^|^33.605^|^1^|^1020
981^|^983^|^1031^|^33.605^|^33.605^|^33.605^|^3.7^|^33.605^|^1^|^1021
982^|^984^|^1032^|^33.605^|^33.605^|^33.605^|^3.7^|^33.605^|^1^|^1022
983^|^985^|^1033^|^33.605^|^33.605^|^33.605^|^3.7^|^33.605^|^1^|^1023
984^|^986^|^1034^|^33.605^|^33.605^|^33.605^|^3.7^|^33.605^|^1^|^1024
985^|^987^|^1035^|^33.605^|^33.605^|^33.605^|^3.7^|^33.605^|^1^|^1025
986^|^988^|^1036^|^33.605^|^33.605^|^33.605^|^3.7^|^33.605^|^1^|^1026
987^|^989^|^1037^|^33.605^|^33.605^|^33.605^|^3.7^|^33.605^|^1^|^1027
988^|^990^|^1038^|^33.605^|^33.605^|^33.605^|^3.7^|^33.605^|^1^|^1028
989^|^991^|^1039^|^33.605^|^33.605^|^33.605^|^3.7^|^33.605^|^1^|^1029
990^|^992^|^1040^|^33.605^|^33.605^|^33.605^|^3.7^|^33.605^|^1^|^1030
991^|^993^|^1041^|^33.605^|^33.605^|^33.605^|^3.7^|^33.605^|^1^|^1031
992^|^994^|^1042^|^33.605^|^33.605^|^33.605^|^3.7^|^33.605^|^1^|^1032
993^|^995^|^1043^|^33.605^|^33.605^|^33.605^|^3.7^|^33.605^|^1^|^1033
994^|^996^|^1044^|^33.605^|^33.605^|^33.605^|^3.7^|^33.605^|^1^|^1034
995^|^997^|^1045^|^33.605^|^33.605^|^33.605^|^3.7^|^33.605^|^1^|^1035
996^|^998^|^1046^|^33.605^|^33.605^|^33.605^|^3.7^|^33.605^|^1^|^1036
997^|^999^|^1047^|^33.605^|^33.605^|^33.605^|^3.7^|^33.605^|^1^|^1037
998^|^1000^|^1048^|^33.605^|^33.605^|^33.605^|^3.7^|^33.605^|^1^|^1038
999^|^1001^|^1049^|^33.605^|^33.605^|^33.605^|^3.7^|^33.605^|^1^|^1039
1000^|^1002^|^1050^|^33.605^|^33.605^|^33.605^|^3.7^|^33.605^|^1^|^1040
1001^|^1003^|^1051^|^33.605^|^33.605^|^33.605^|^3.7^|^33.605^|^1^|^1041
1002^|^1004^|^1052^|^33.605^|^33.605^|^33.605^|^3.7^|^33.605^|^1^|^1042
1003^|^1005^|^1053^|^33.605^|^33.605^|^33.605^|^3.7^|^33.605^|^1^|^1043
1004^|^1006^|^1054^|^33.605^|^33.605^|^33.605^|^3.7^|^33.605^|^1^|^1044
1005^|^1007^|^1055^|^33.605^|^33.605^|^33.605^|^3.7^|^33.605^|^1^|^1045
1006^|^1008^|^1056^|^33.605^|^33.605^|^33.605^|^3.7^|^33.605^|^1^|^1046
1007^|^1009^|^1057^|^33.605^|^33.605^|^33.605^|^3.7^|^33.605^|^1^|^1047
1008^|^1010^|^1058^|^33.605^|^33.605^|^33.605^|^3.7^|^33.605^|^1^|^1048
1009^|^1011^|^1059^|^33.605^|^33.605^|^33.605^|^3.7^|^33.605^|^1^|^1049
1010^|^1012^|^1060^|^33.605^|^33.605^|^33.605^|^3.7^|^33.605^|^1^|^1050
1011^|^1013^|^1061^|^33.605^|^33.605^|^33.605^|^3.7^|^33.605^|^1^|^1051
1012^|^1014^|^1062^|^33.605^|^33.605^|^33.605^|^3.7^|^33.605^|^1^|^1052
1013^|^1015^|^1063^|^33.605^|^33.605^|^33.605^|^3.7^|^33.605^|^1^|^1053
1014^|^1016^|^1064^|^33.605^|^33.605^|^33.605^|^3.7^|^33.605^|^1^|^1054
1015^|^1017^|^1065^|^33.605^|^33.605^|^33.605^|^3.7^|^33.605^|^1^|^1055
1016^|^1018^|^1066^|^33.605^|^33.605^|^33.605^|^3.7^|^33.605^|^1^|^1056
1017^|^1019^|^1067^|^33.605^|^33.605^|^33.605^|^3.7^|^33.605^|^1^|^1057
1018^|^1020^|^1068^|^33.605^|^33.605^|^33.605^|^3.7^|^33.605^|^1^|^1058
1019^|^1021^|^1069^|^33.605^|^33.605^|^33.605^|^3.7^|^33.605^|^1^|^1059
1020^|^1022^|^1070^|^33.605^|^33.605^|^33.605^|^3.7^|^33.605^|^1^|^1060
1021^|^1023^|^1071^|^33.605^|^33.605^|^33.605^|^3.7^|^33.605^|^1^|^1061
1022^|^1024^|^1072^|^33.605^|^33.605^|^33.605^|^3.7^|^33.605^|^1^|^1062
1023^|^1025^|^1073^|^33.605^|^33.605^|^33.605^|^3.7^|^33.605^|^1^|^1063
1024^|^1026^|^1074^|^33.605^|^33.605^|^33.605^|^3.7^|^33.605^|^1^|^1064
1025^|^1027^|^1075^|^33.605^|^33.605^|^33.605^|^3.7^|^33.605^|^1^|^1065
1026^|^1028^|^1076^|^33.605^|^33.605^|^33.605^|^3.7^|^33.605^|^1^|^1066
1027^|^1029^|^1077^|^33.605^|^33.605^|^33.605^|^3.7^|^33.605^|^1^|^1067
1028^|^1030^|^1078^|^33.605^|^33.605^|^33.605^|^3.7^|^33.605^|^1^|^1068
1029^|^1031^|^1079^|^33.605^|^33.605^|^33.605^|^3.7^|^33.605^|^1^|^1069
1030^|^1032^|^1080^|^33.605^|^33.605^|^33.605^|^3.7^|^33.605^|^1^|^1070
1031^|^1033^|^1081^|^33.605^|^33.605^|^33.605^|^3.7^|^33.605^|^1^|^1071
1032^|^1034^|^1082^|^33.605^|^33.605^|^33.605^|^3.7^|^33.605^|^1^|^1072
1033^|^1035^|^1083^|^33.605^|^33.605^|^33.605^|^3.7^|^33.605^|^1^|^1073
1034^|^1036^|^1084^|^33.605^|^33.605^|^33.605^|^3.7^|^33.605^|^1^|^1074
1035^|^1037^|^1085^|^33.605^|^33.605^|^33.605^|^3.7^|^33.605^|^1^|^1075
1036^|^1038^|^1086^|^33.605^|^33.605^|^33.605^|^3.7^|^33.605^|^1^|^1076
1037^|^1039^|^1087^|^33.605^|^33.605^|^33.605^|^3.7^|^33.605^|^1^|^1077
1038^|^1040^|^1088^|^33.605^|^33.605^|^33.605^|^3.7^|^33.605^|^1^|^1078
1039^|^1041^|^1089^|^33.605^|^33.605^|^33.605^|^3.7^|^33.605^|^1^|^1079
1040^|^1042^|^1090^|^33.605^|^33.605^|^33.605^|^3.7^|^33.605^|^1^|^1080
1041^|^1043^|^1091^|^33.605^|^33.605^|^33.605^|^3.7^|^33.605^|^1^|^1081
1042^|^1044^|^1092^|^33.605^|^33.605^|^33.605^|^3.7^|^33.605^|^1^|^1082
1043^|^1045^|^1093^|^33.605^|^33.605^|^33.605^|^3.7^|^33.605^|^1^|^1083
1044^|^1046^|^1094^|^33.605^|^33.605^|^33.605^|^3.7^|^33.605^|^1^|^1084
1045^|^1047^|^1095^|^33.605^|^33.605^|^33.605^|^3.7^|^33.605^|^1^|^1085
1046^|^1048^|^1096^|^33.605^|^33.605^|^33.605^|^3.7^|^33.605^|^1^|^1086