household_id^|^hh_member_cnt^|^hh_mob_subscr_cnt^|^hh_dsl_subscr_cnt^|^hh_cab_subscr_cnt^|^building_id^|^hh_cust_id^|^hh_valid_from^|^hh_valid_to
100^|^19^|^21^|^22^|^23^|^47^|^44^|^20170207^|^20910505
101^|^20^|^22^|^23^|^24^|^48^|^45^|^20170325^|^20970923
102^|^21^|^23^|^24^|^25^|^49^|^46^|^20170123^|^20950818
103^|^22^|^24^|^25^|^26^|^50^|^47^|^20170814^|^20970806
104^|^23^|^25^|^26^|^27^|^51^|^48^|^20170724^|^20980324
105^|^24^|^26^|^27^|^28^|^52^|^49^|^20170916^|^20961017
106^|^25^|^27^|^28^|^29^|^53^|^50^|^20170628^|^20950908
107^|^26^|^28^|^29^|^30^|^54^|^51^|^20170626^|^20940326
108^|^27^|^29^|^30^|^31^|^55^|^52^|^20170716^|^20960209
109^|^28^|^30^|^31^|^32^|^56^|^53^|^20170819^|^20980308
110^|^29^|^31^|^32^|^33^|^57^|^54^|^20170505^|^20910403
111^|^30^|^32^|^33^|^34^|^58^|^55^|^20170907^|^20960301
112^|^31^|^33^|^34^|^35^|^59^|^56^|^20170528^|^20901202
113^|^32^|^34^|^35^|^36^|^60^|^57^|^20171107^|^20990509
114^|^33^|^35^|^36^|^37^|^61^|^58^|^20170720^|^20960517
115^|^34^|^36^|^37^|^38^|^62^|^59^|^20170912^|^20980131
116^|^35^|^37^|^38^|^39^|^63^|^60^|^20170304^|^20930324
117^|^36^|^38^|^39^|^40^|^64^|^61^|^20170609^|^20920425
118^|^37^|^39^|^40^|^41^|^65^|^62^|^20171219^|^20990330
119^|^38^|^40^|^41^|^42^|^66^|^63^|^20170527^|^20951027
120^|^39^|^41^|^42^|^43^|^67^|^64^|^20170109^|^20920612
121^|^40^|^42^|^43^|^44^|^68^|^65^|^20170514^|^20940201
122^|^41^|^43^|^44^|^45^|^69^|^66^|^20170810^|^20980309
123^|^42^|^44^|^45^|^46^|^70^|^67^|^20170105^|^20960624
124^|^43^|^45^|^46^|^47^|^71^|^68^|^20170616^|^20951214
125^|^44^|^46^|^47^|^48^|^72^|^69^|^20170627^|^20960513
126^|^45^|^47^|^48^|^49^|^73^|^70^|^20171229^|^20930816
127^|^46^|^48^|^49^|^50^|^74^|^71^|^20170814^|^20911207
128^|^47^|^49^|^50^|^51^|^75^|^72^|^20170917^|^20921202
129^|^48^|^50^|^51^|^52^|^76^|^73^|^20170420^|^20951025
130^|^49^|^51^|^52^|^53^|^77^|^74^|^20171009^|^20900511
131^|^50^|^52^|^53^|^54^|^78^|^75^|^20170715^|^20930919
132^|^51^|^53^|^54^|^55^|^79^|^76^|^20170313^|^20901217
133^|^52^|^54^|^55^|^56^|^80^|^77^|^20170710^|^20951108
134^|^53^|^55^|^56^|^57^|^81^|^78^|^20170107^|^20970329
135^|^54^|^56^|^57^|^58^|^82^|^79^|^20170120^|^20961110
136^|^55^|^57^|^58^|^59^|^83^|^80^|^20171127^|^20991208
137^|^56^|^58^|^59^|^60^|^84^|^81^|^20170109^|^20950106
138^|^57^|^59^|^60^|^61^|^85^|^82^|^20171101^|^20971004
139^|^58^|^60^|^61^|^62^|^86^|^83^|^20171116^|^20990113
140^|^59^|^61^|^62^|^63^|^87^|^84^|^20170826^|^20950619
141^|^60^|^62^|^63^|^64^|^88^|^85^|^20171005^|^20900227
142^|^61^|^63^|^64^|^65^|^89^|^86^|^20170402^|^20960104
143^|^62^|^64^|^65^|^66^|^90^|^87^|^20170425^|^20990908
144^|^63^|^65^|^66^|^67^|^91^|^88^|^20170821^|^20981104
145^|^64^|^66^|^67^|^68^|^92^|^89^|^20170823^|^20990209
146^|^65^|^67^|^68^|^69^|^93^|^90^|^20170116^|^20900701
147^|^66^|^68^|^69^|^70^|^94^|^91^|^20171216^|^20970928
148^|^67^|^69^|^70^|^71^|^95^|^92^|^20171029^|^20910606
149^|^68^|^70^|^71^|^72^|^96^|^93^|^20170927^|^20920707
150^|^69^|^71^|^72^|^73^|^97^|^94^|^20170805^|^20960514
151^|^70^|^72^|^73^|^74^|^98^|^95^|^20170823^|^20900801
152^|^71^|^73^|^74^|^75^|^99^|^96^|^20170227^|^20990916
153^|^72^|^74^|^75^|^76^|^100^|^97^|^20170302^|^20910202
154^|^73^|^75^|^76^|^77^|^101^|^98^|^20171226^|^20941020
155^|^74^|^76^|^77^|^78^|^102^|^99^|^20171010^|^20981022
156^|^75^|^77^|^78^|^79^|^103^|^100^|^20170316^|^20930719
157^|^76^|^78^|^79^|^80^|^104^|^101^|^20170826^|^20980504
158^|^77^|^79^|^80^|^81^|^105^|^102^|^20170305^|^20930720
159^|^78^|^80^|^81^|^82^|^106^|^103^|^20170828^|^20970614
160^|^79^|^81^|^82^|^83^|^107^|^104^|^20171129^|^20990105
161^|^80^|^82^|^83^|^84^|^108^|^105^|^20170527^|^20910415
162^|^81^|^83^|^84^|^85^|^109^|^106^|^20170817^|^20920203
163^|^82^|^84^|^85^|^86^|^110^|^107^|^20171019^|^20920526
164^|^83^|^85^|^86^|^87^|^111^|^108^|^20170317^|^20960615
165^|^84^|^86^|^87^|^88^|^112^|^109^|^20170504^|^20911228
166^|^85^|^87^|^88^|^89^|^113^|^110^|^20170123^|^20911010
167^|^86^|^88^|^89^|^90^|^114^|^111^|^20170427^|^20970624
168^|^87^|^89^|^90^|^91^|^115^|^112^|^20170426^|^20930303
169^|^88^|^90^|^91^|^92^|^116^|^113^|^20171207^|^20981106
170^|^89^|^91^|^92^|^93^|^117^|^114^|^20171121^|^20991026
171^|^90^|^92^|^93^|^94^|^118^|^115^|^20170131^|^20950129
172^|^91^|^93^|^94^|^95^|^119^|^116^|^20170331^|^20960121
173^|^92^|^94^|^95^|^96^|^120^|^117^|^20170115^|^20980729
174^|^93^|^95^|^96^|^97^|^121^|^118^|^20171204^|^20931125
175^|^94^|^96^|^97^|^98^|^122^|^119^|^20170222^|^20970315
176^|^95^|^97^|^98^|^99^|^123^|^120^|^20170113^|^20921209
177^|^96^|^98^|^99^|^100^|^124^|^121^|^20170528^|^20941209
178^|^97^|^99^|^100^|^101^|^125^|^122^|^20170831^|^20970222
179^|^98^|^100^|^101^|^102^|^126^|^123^|^20171007^|^20970619
180^|^99^|^101^|^102^|^103^|^127^|^124^|^20170324^|^20920311
181^|^100^|^102^|^103^|^104^|^128^|^125^|^20171204^|^20951205
182^|^101^|^103^|^104^|^105^|^129^|^126^|^20170918^|^20910830
183^|^102^|^104^|^105^|^106^|^130^|^127^|^20170712^|^20970529
184^|^103^|^105^|^106^|^107^|^131^|^128^|^20171005^|^20900117
185^|^104^|^106^|^107^|^108^|^132^|^129^|^20171122^|^20951110
186^|^105^|^107^|^108^|^109^|^133^|^130^|^20170721^|^20950506
187^|^106^|^108^|^109^|^110^|^134^|^131^|^20170130^|^20921120
188^|^107^|^109^|^110^|^111^|^135^|^132^|^20170611^|^20900302
189^|^108^|^110^|^111^|^112^|^136^|^133^|^20171227^|^20960401
190^|^109^|^111^|^112^|^113^|^137^|^134^|^20171121^|^20920403
191^|^110^|^112^|^113^|^114^|^138^|^135^|^20170518^|^20990123
192^|^111^|^113^|^114^|^115^|^139^|^136^|^20171026^|^20980823
193^|^112^|^114^|^115^|^116^|^140^|^137^|^20171030^|^20960909
194^|^113^|^115^|^116^|^117^|^141^|^138^|^20170221^|^20950708
195^|^114^|^116^|^117^|^118^|^142^|^139^|^20170726^|^20980326
196^|^115^|^117^|^118^|^119^|^143^|^140^|^20170404^|^20911205
197^|^116^|^118^|^119^|^120^|^144^|^141^|^20170813^|^20900506
198^|^117^|^119^|^120^|^121^|^145^|^142^|^20170203^|^20971227
199^|^118^|^120^|^121^|^122^|^146^|^143^|^20171207^|^20950322
200^|^119^|^121^|^122^|^123^|^147^|^144^|^20171210^|^20990529
201^|^120^|^122^|^123^|^124^|^148^|^145^|^20170207^|^20931215
202^|^121^|^123^|^124^|^125^|^149^|^146^|^20170719^|^20921104
203^|^122^|^124^|^125^|^126^|^150^|^147^|^20170304^|^20951220
204^|^123^|^125^|^126^|^127^|^151^|^148^|^20170415^|^20900704
205^|^124^|^126^|^127^|^128^|^152^|^149^|^20170709^|^20901016
206^|^125^|^127^|^128^|^129^|^153^|^150^|^20170623^|^20921112
207^|^126^|^128^|^129^|^130^|^154^|^151^|^20170121^|^20921024
208^|^127^|^129^|^130^|^131^|^155^|^152^|^20170601^|^20900406
209^|^128^|^130^|^131^|^132^|^156^|^153^|^20170401^|^20980128
210^|^129^|^131^|^132^|^133^|^157^|^154^|^20170306^|^20990907
211^|^130^|^132^|^133^|^134^|^158^|^155^|^20171031^|^20950616
212^|^131^|^133^|^134^|^135^|^159^|^156^|^20170820^|^20900529
213^|^132^|^134^|^135^|^136^|^160^|^157^|^20170831^|^20901129
214^|^133^|^135^|^136^|^137^|^161^|^158^|^20171120^|^20920412
215^|^134^|^136^|^137^|^138^|^162^|^159^|^20170806^|^20981203
216^|^135^|^137^|^138^|^139^|^163^|^160^|^20170316^|^20940218
217^|^136^|^138^|^139^|^140^|^164^|^161^|^20170918^|^20960131
218^|^137^|^139^|^140^|^141^|^165^|^162^|^20170214^|^20901102
219^|^138^|^140^|^141^|^142^|^166^|^163^|^20170613^|^20960119
220^|^139^|^141^|^142^|^143^|^167^|^164^|^20170909^|^20940326
221^|^140^|^142^|^143^|^144^|^168^|^165^|^20170814^|^20921229
222^|^141^|^143^|^144^|^145^|^169^|^166^|^20170503^|^20930902
223^|^142^|^144^|^145^|^146^|^170^|^167^|^20171022^|^20941222
224^|^143^|^145^|^146^|^147^|^171^|^168^|^20170902^|^20940318
225^|^144^|^146^|^147^|^148^|^172^|^169^|^20171024^|^20980922
226^|^145^|^147^|^148^|^149^|^173^|^170^|^20170906^|^20941105
227^|^146^|^148^|^149^|^150^|^174^|^171^|^20170311^|^20930316
228^|^147^|^149^|^150^|^151^|^175^|^172^|^20171117^|^20940720
229^|^148^|^150^|^151^|^152^|^176^|^173^|^20171226^|^20990508
230^|^149^|^151^|^152^|^153^|^177^|^174^|^20170413^|^20960326
231^|^150^|^152^|^153^|^154^|^178^|^175^|^20171213^|^20910928
232^|^151^|^153^|^154^|^155^|^179^|^176^|^20170221^|^20970114
233^|^152^|^154^|^155^|^156^|^180^|^177^|^20170108^|^20960310
234^|^153^|^155^|^156^|^157^|^181^|^178^|^20171001^|^20940427
235^|^154^|^156^|^157^|^158^|^182^|^179^|^20171108^|^20931028
236^|^155^|^157^|^158^|^159^|^183^|^180^|^20170831^|^20910710
237^|^156^|^158^|^159^|^160^|^184^|^181^|^20170811^|^20910707
238^|^157^|^159^|^160^|^161^|^185^|^182^|^20170520^|^20940206
239^|^158^|^160^|^161^|^162^|^186^|^183^|^20171120^|^20970505
240^|^159^|^161^|^162^|^163^|^187^|^184^|^20170111^|^20901022
241^|^160^|^162^|^163^|^164^|^188^|^185^|^20170118^|^20900522
242^|^161^|^163^|^164^|^165^|^189^|^186^|^20170427^|^20901221
243^|^162^|^164^|^165^|^166^|^190^|^187^|^20170131^|^20940915
244^|^163^|^165^|^166^|^167^|^191^|^188^|^20170319^|^20991105
245^|^164^|^166^|^167^|^168^|^192^|^189^|^20170214^|^20940316
246^|^165^|^167^|^168^|^169^|^193^|^190^|^20171211^|^20921101
247^|^166^|^168^|^169^|^170^|^194^|^191^|^20170223^|^20980813
248^|^167^|^169^|^170^|^171^|^195^|^192^|^20170810^|^20951208
249^|^168^|^170^|^171^|^172^|^196^|^193^|^20170424^|^20960513
250^|^169^|^171^|^172^|^173^|^197^|^194^|^20170720^|^20970530
251^|^170^|^172^|^173^|^174^|^198^|^195^|^20170706^|^20990402
252^|^171^|^173^|^174^|^175^|^199^|^196^|^20170814^|^20901206
253^|^172^|^174^|^175^|^176^|^200^|^197^|^20170825^|^20910409
254^|^173^|^175^|^176^|^177^|^201^|^198^|^20170523^|^20970806
255^|^174^|^176^|^177^|^178^|^202^|^199^|^20170626^|^20911023
256^|^175^|^177^|^178^|^179^|^203^|^200^|^20170105^|^20940927
257^|^176^|^178^|^179^|^180^|^204^|^201^|^20171020^|^20970721
258^|^177^|^179^|^180^|^181^|^205^|^202^|^20171014^|^20990601
259^|^178^|^180^|^181^|^182^|^206^|^203^|^20171005^|^20931204
260^|^179^|^181^|^182^|^183^|^207^|^204^|^20170315^|^20900202
261^|^180^|^182^|^183^|^184^|^208^|^205^|^20171010^|^20950405
262^|^181^|^183^|^184^|^185^|^209^|^206^|^20170807^|^20910311
263^|^182^|^184^|^185^|^186^|^210^|^207^|^20171030^|^20920806
264^|^183^|^185^|^186^|^187^|^211^|^208^|^20170606^|^20980812
265^|^184^|^186^|^187^|^188^|^212^|^209^|^20170919^|^20970710
266^|^185^|^187^|^188^|^189^|^213^|^210^|^20170923^|^20970325
267^|^186^|^188^|^189^|^190^|^214^|^211^|^20170802^|^20930418
268^|^187^|^189^|^190^|^191^|^215^|^212^|^20171024^|^20921109
269^|^188^|^190^|^191^|^192^|^216^|^213^|^20170603^|^20941108
270^|^189^|^191^|^192^|^193^|^217^|^214^|^20171002^|^20931210
271^|^190^|^192^|^193^|^194^|^218^|^215^|^20170626^|^20960524
272^|^191^|^193^|^194^|^195^|^219^|^216^|^20170510^|^20920711
273^|^192^|^194^|^195^|^196^|^220^|^217^|^20170226^|^20920919
274^|^193^|^195^|^196^|^197^|^221^|^218^|^20170203^|^20920128
275^|^194^|^196^|^197^|^198^|^222^|^219^|^20170905^|^20981025
276^|^195^|^197^|^198^|^199^|^223^|^220^|^20171119^|^20981123
277^|^196^|^198^|^199^|^200^|^224^|^221^|^20171020^|^20901215
278^|^197^|^199^|^200^|^201^|^225^|^222^|^20170722^|^20950411
279^|^198^|^200^|^201^|^202^|^226^|^223^|^20170826^|^20931012
280^|^199^|^201^|^202^|^203^|^227^|^224^|^20170625^|^20950315
281^|^200^|^202^|^203^|^204^|^228^|^225^|^20170914^|^20950411
282^|^201^|^203^|^204^|^205^|^229^|^226^|^20171228^|^20900907
283^|^202^|^204^|^205^|^206^|^230^|^227^|^20170530^|^20980304
284^|^203^|^205^|^206^|^207^|^231^|^228^|^20170116^|^20910104
285^|^204^|^206^|^207^|^208^|^232^|^229^|^20170924^|^20920813
286^|^205^|^207^|^208^|^209^|^233^|^230^|^20170714^|^20940424
287^|^206^|^208^|^209^|^210^|^234^|^231^|^20170429^|^20940108
288^|^207^|^209^|^210^|^211^|^235^|^232^|^20171203^|^20970710
289^|^208^|^210^|^211^|^212^|^236^|^233^|^20171004^|^20970430
290^|^209^|^211^|^212^|^213^|^237^|^234^|^20170606^|^20970629
291^|^210^|^212^|^213^|^214^|^238^|^235^|^20170421^|^20941218
292^|^211^|^213^|^214^|^215^|^239^|^236^|^20170927^|^20980316
293^|^212^|^214^|^215^|^216^|^240^|^237^|^20171118^|^20940427
294^|^213^|^215^|^216^|^217^|^241^|^238^|^20170520^|^20981212
295^|^214^|^216^|^217^|^218^|^242^|^239^|^20170430^|^20910817
296^|^215^|^217^|^218^|^219^|^243^|^240^|^20171229^|^20981216
297^|^216^|^218^|^219^|^220^|^244^|^241^|^20170809^|^20940217
298^|^217^|^219^|^220^|^221^|^245^|^242^|^20171124^|^20900407
299^|^218^|^220^|^221^|^222^|^246^|^243^|^20171227^|^20970423
300^|^219^|^221^|^222^|^223^|^247^|^244^|^20170904^|^20910523
301^|^220^|^222^|^223^|^224^|^248^|^245^|^20170523^|^20990915
302^|^221^|^223^|^224^|^225^|^249^|^246^|^20170205^|^20920408
303^|^222^|^224^|^225^|^226^|^250^|^247^|^20170402^|^20901223
304^|^223^|^225^|^226^|^227^|^251^|^248^|^20170511^|^20951008
305^|^224^|^226^|^227^|^228^|^252^|^249^|^20170313^|^20950529
306^|^225^|^227^|^228^|^229^|^253^|^250^|^20170101^|^20921107
307^|^226^|^228^|^229^|^230^|^254^|^251^|^20170521^|^20911029
308^|^227^|^229^|^230^|^231^|^255^|^252^|^20170321^|^20910320
309^|^228^|^230^|^231^|^232^|^256^|^253^|^20170914^|^20980530
310^|^229^|^231^|^232^|^233^|^257^|^254^|^20170814^|^20930810
311^|^230^|^232^|^233^|^234^|^258^|^255^|^20170310^|^20990622
312^|^231^|^233^|^234^|^235^|^259^|^256^|^20170905^|^20940711
313^|^232^|^234^|^235^|^236^|^260^|^257^|^20170814^|^20920114
314^|^233^|^235^|^236^|^237^|^261^|^258^|^20171013^|^20960724
315^|^234^|^236^|^237^|^238^|^262^|^259^|^20170202^|^20990407
316^|^235^|^237^|^238^|^239^|^263^|^260^|^20170717^|^20910710
317^|^236^|^238^|^239^|^240^|^264^|^261^|^20170828^|^20910421
318^|^237^|^239^|^240^|^241^|^265^|^262^|^20170709^|^20900918
319^|^238^|^240^|^241^|^242^|^266^|^263^|^20170204^|^20900702
320^|^239^|^241^|^242^|^243^|^267^|^264^|^20170328^|^20960522
321^|^240^|^242^|^243^|^244^|^268^|^265^|^20170411^|^20990421
322^|^241^|^243^|^244^|^245^|^269^|^266^|^20170812^|^20960715
323^|^242^|^244^|^245^|^246^|^270^|^267^|^20170630^|^20981214
324^|^243^|^245^|^246^|^247^|^271^|^268^|^20170118^|^20950604
325^|^244^|^246^|^247^|^248^|^272^|^269^|^20170628^|^20940413
326^|^245^|^247^|^248^|^249^|^273^|^270^|^20170624^|^20970424
327^|^246^|^248^|^249^|^250^|^274^|^271^|^20171122^|^20980502
328^|^247^|^249^|^250^|^251^|^275^|^272^|^20170901^|^20980116
329^|^248^|^250^|^251^|^252^|^276^|^273^|^20170302^|^20960608
330^|^249^|^251^|^252^|^253^|^277^|^274^|^20170604^|^20980706
331^|^250^|^252^|^253^|^254^|^278^|^275^|^20170515^|^20911016
332^|^251^|^253^|^254^|^255^|^279^|^276^|^20170121^|^20941220
333^|^252^|^254^|^255^|^256^|^280^|^277^|^20171222^|^20921030
334^|^253^|^255^|^256^|^257^|^281^|^278^|^20170222^|^20970829
335^|^254^|^256^|^257^|^258^|^282^|^279^|^20170408^|^20950320
336^|^255^|^257^|^258^|^259^|^283^|^280^|^20170611^|^20930517
337^|^256^|^258^|^259^|^260^|^284^|^281^|^20170926^|^20920610
338^|^257^|^259^|^260^|^261^|^285^|^282^|^20170413^|^20951231
339^|^258^|^260^|^261^|^262^|^286^|^283^|^20170201^|^20980412
340^|^259^|^261^|^262^|^263^|^287^|^284^|^20170712^|^20910502
341^|^260^|^262^|^263^|^264^|^288^|^285^|^20170813^|^20931007
342^|^261^|^263^|^264^|^265^|^289^|^286^|^20170326^|^20930131
343^|^262^|^264^|^265^|^266^|^290^|^287^|^20170528^|^20991123
344^|^263^|^265^|^266^|^267^|^291^|^288^|^20171221^|^20980305
345^|^264^|^266^|^267^|^268^|^292^|^289^|^20170922^|^20990619
346^|^265^|^267^|^268^|^269^|^293^|^290^|^20170416^|^20960914
347^|^266^|^268^|^269^|^270^|^294^|^291^|^20170202^|^20920607
348^|^267^|^269^|^270^|^271^|^295^|^292^|^20171023^|^20950711
349^|^268^|^270^|^271^|^272^|^296^|^293^|^20170922^|^20910826
350^|^269^|^271^|^272^|^273^|^297^|^294^|^20170509^|^20970612
351^|^270^|^272^|^273^|^274^|^298^|^295^|^20170104^|^20940228
352^|^271^|^273^|^274^|^275^|^299^|^296^|^20170504^|^20981119
353^|^272^|^274^|^275^|^276^|^300^|^297^|^20170815^|^20911224
354^|^273^|^275^|^276^|^277^|^301^|^298^|^20170101^|^20910129
355^|^274^|^276^|^277^|^278^|^302^|^299^|^20171120^|^20960206
356^|^275^|^277^|^278^|^279^|^303^|^300^|^20171104^|^20900530
357^|^276^|^278^|^279^|^280^|^304^|^301^|^20170404^|^20940227
358^|^277^|^279^|^280^|^281^|^305^|^302^|^20171220^|^20980321
359^|^278^|^280^|^281^|^282^|^306^|^303^|^20170617^|^20931220
360^|^279^|^281^|^282^|^283^|^307^|^304^|^20171119^|^20991129
361^|^280^|^282^|^283^|^284^|^308^|^305^|^20170919^|^20900913
362^|^281^|^283^|^284^|^285^|^309^|^306^|^20170506^|^20960605
363^|^282^|^284^|^285^|^286^|^310^|^307^|^20170418^|^20980321
364^|^283^|^285^|^286^|^287^|^311^|^308^|^20171223^|^20930419
365^|^284^|^286^|^287^|^288^|^312^|^309^|^20170901^|^20941126
366^|^285^|^287^|^288^|^289^|^313^|^310^|^20170726^|^20980315
367^|^286^|^288^|^289^|^290^|^314^|^311^|^20170805^|^20900607
368^|^287^|^289^|^290^|^291^|^315^|^312^|^20171205^|^20911030
369^|^288^|^290^|^291^|^292^|^316^|^313^|^20170426^|^20960309
370^|^289^|^291^|^292^|^293^|^317^|^314^|^20170215^|^20940410
371^|^290^|^292^|^293^|^294^|^318^|^315^|^20171204^|^20930311
372^|^291^|^293^|^294^|^295^|^319^|^316^|^20171216^|^20980930
373^|^292^|^294^|^295^|^296^|^320^|^317^|^20171019^|^20960226
374^|^293^|^295^|^296^|^297^|^321^|^318^|^20170205^|^20910323
375^|^294^|^296^|^297^|^298^|^322^|^319^|^20171116^|^20990517
376^|^295^|^297^|^298^|^299^|^323^|^320^|^20170916^|^20930101
377^|^296^|^298^|^299^|^300^|^324^|^321^|^20171230^|^20901211
378^|^297^|^299^|^300^|^301^|^325^|^322^|^20170821^|^20990705
379^|^298^|^300^|^301^|^302^|^326^|^323^|^20170408^|^20981113
380^|^299^|^301^|^302^|^303^|^327^|^324^|^20170920^|^20920812
381^|^300^|^302^|^303^|^304^|^328^|^325^|^20171204^|^20990331
382^|^301^|^303^|^304^|^305^|^329^|^326^|^20170712^|^20941203
383^|^302^|^304^|^305^|^306^|^330^|^327^|^20171217^|^20900326
384^|^303^|^305^|^306^|^307^|^331^|^328^|^20170227^|^20940617
385^|^304^|^306^|^307^|^308^|^332^|^329^|^20171212^|^20990704
386^|^305^|^307^|^308^|^309^|^333^|^330^|^20171203^|^20970729
387^|^306^|^308^|^309^|^310^|^334^|^331^|^20170707^|^20921125
388^|^307^|^309^|^310^|^311^|^335^|^332^|^20171216^|^20931121
389^|^308^|^310^|^311^|^312^|^336^|^333^|^20170328^|^20980302
390^|^309^|^311^|^312^|^313^|^337^|^334^|^20170109^|^20990706
391^|^310^|^312^|^313^|^314^|^338^|^335^|^20170304^|^20940628
392^|^311^|^313^|^314^|^315^|^339^|^336^|^20171102^|^20950407
393^|^312^|^314^|^315^|^316^|^340^|^337^|^20170716^|^20971201
394^|^313^|^315^|^316^|^317^|^341^|^338^|^20170517^|^20980920
395^|^314^|^316^|^317^|^318^|^342^|^339^|^20171221^|^20950923
396^|^315^|^317^|^318^|^319^|^343^|^340^|^20171216^|^20971225
397^|^316^|^318^|^319^|^320^|^344^|^341^|^20170913^|^20940627
398^|^317^|^319^|^320^|^321^|^345^|^342^|^20170723^|^20970331
399^|^318^|^320^|^321^|^322^|^346^|^343^|^20170310^|^20961013
400^|^319^|^321^|^322^|^323^|^347^|^344^|^20170516^|^20950120
401^|^320^|^322^|^323^|^324^|^348^|^345^|^20171112^|^20991123
402^|^321^|^323^|^324^|^325^|^349^|^346^|^20170313^|^20951203
403^|^322^|^324^|^325^|^326^|^350^|^347^|^20170326^|^20941003
404^|^323^|^325^|^326^|^327^|^351^|^348^|^20170418^|^20990522
405^|^324^|^326^|^327^|^328^|^352^|^349^|^20171008^|^20931111
406^|^325^|^327^|^328^|^329^|^353^|^350^|^20170313^|^20980409
407^|^326^|^328^|^329^|^330^|^354^|^351^|^20170727^|^20940427
408^|^327^|^329^|^330^|^331^|^355^|^352^|^20170808^|^20900823
409^|^328^|^330^|^331^|^332^|^356^|^353^|^20170721^|^20990319
410^|^329^|^331^|^332^|^333^|^357^|^354^|^20171201^|^20990714
411^|^330^|^332^|^333^|^334^|^358^|^355^|^20170608^|^20940506
412^|^331^|^333^|^334^|^335^|^359^|^356^|^20170908^|^20950531
413^|^332^|^334^|^335^|^336^|^360^|^357^|^20171218^|^20941106
414^|^333^|^335^|^336^|^337^|^361^|^358^|^20170219^|^20980926
415^|^334^|^336^|^337^|^338^|^362^|^359^|^20170608^|^20940809
416^|^335^|^337^|^338^|^339^|^363^|^360^|^20170201^|^20930603
417^|^336^|^338^|^339^|^340^|^364^|^361^|^20170702^|^20920601
418^|^337^|^339^|^340^|^341^|^365^|^362^|^20170308^|^20940916
419^|^338^|^340^|^341^|^342^|^366^|^363^|^20171110^|^20970703
420^|^339^|^341^|^342^|^343^|^367^|^364^|^20170629^|^20921002
421^|^340^|^342^|^343^|^344^|^368^|^365^|^20170412^|^20961030
422^|^341^|^343^|^344^|^345^|^369^|^366^|^20170217^|^20930818
423^|^342^|^344^|^345^|^346^|^370^|^367^|^20170722^|^20971218
424^|^343^|^345^|^346^|^347^|^371^|^368^|^20171117^|^20921219
425^|^344^|^346^|^347^|^348^|^372^|^369^|^20170203^|^20910121
426^|^345^|^347^|^348^|^349^|^373^|^370^|^20170415^|^20971123
427^|^346^|^348^|^349^|^350^|^374^|^371^|^20170205^|^20980113
428^|^347^|^349^|^350^|^351^|^375^|^372^|^20170820^|^20930121
429^|^348^|^350^|^351^|^352^|^376^|^373^|^20170212^|^20920908
430^|^349^|^351^|^352^|^353^|^377^|^374^|^20170121^|^20970130
431^|^350^|^352^|^353^|^354^|^378^|^375^|^20170617^|^20991218
432^|^351^|^353^|^354^|^355^|^379^|^376^|^20170428^|^20950907
433^|^352^|^354^|^355^|^356^|^380^|^377^|^20170801^|^20961003
434^|^353^|^355^|^356^|^357^|^381^|^378^|^20171115^|^20930205
435^|^354^|^356^|^357^|^358^|^382^|^379^|^20170930^|^20951205
436^|^355^|^357^|^358^|^359^|^383^|^380^|^20170127^|^20940803
437^|^356^|^358^|^359^|^360^|^384^|^381^|^20170714^|^20980805
438^|^357^|^359^|^360^|^361^|^385^|^382^|^20170621^|^20931218
439^|^358^|^360^|^361^|^362^|^386^|^383^|^20170209^|^20961002
440^|^359^|^361^|^362^|^363^|^387^|^384^|^20170417^|^20960516
441^|^360^|^362^|^363^|^364^|^388^|^385^|^20170526^|^20910929
442^|^361^|^363^|^364^|^365^|^389^|^386^|^20171205^|^20980812
443^|^362^|^364^|^365^|^366^|^390^|^387^|^20170126^|^20981215
444^|^363^|^365^|^366^|^367^|^391^|^388^|^20171029^|^20941013
445^|^364^|^366^|^367^|^368^|^392^|^389^|^20170329^|^20990825
446^|^365^|^367^|^368^|^369^|^393^|^390^|^20170607^|^20900521
447^|^366^|^368^|^369^|^370^|^394^|^391^|^20170804^|^20940830
448^|^367^|^369^|^370^|^371^|^395^|^392^|^20170627^|^20901120
449^|^368^|^370^|^371^|^372^|^396^|^393^|^20170317^|^20900430
450^|^369^|^371^|^372^|^373^|^397^|^394^|^20170130^|^20980308
451^|^370^|^372^|^373^|^374^|^398^|^395^|^20170622^|^20941111
452^|^371^|^373^|^374^|^375^|^399^|^396^|^20171021^|^20920227
453^|^372^|^374^|^375^|^376^|^400^|^397^|^20170726^|^20990422
454^|^373^|^375^|^376^|^377^|^401^|^398^|^20170924^|^20941102
455^|^374^|^376^|^377^|^378^|^402^|^399^|^20170503^|^20991016
456^|^375^|^377^|^378^|^379^|^403^|^400^|^20170126^|^20960308
457^|^376^|^378^|^379^|^380^|^404^|^401^|^20170722^|^20930515
458^|^377^|^379^|^380^|^381^|^405^|^402^|^20170526^|^20951110
459^|^378^|^380^|^381^|^382^|^406^|^403^|^20171222^|^20970920
460^|^379^|^381^|^382^|^383^|^407^|^404^|^20170714^|^20930423
461^|^380^|^382^|^383^|^384^|^408^|^405^|^20170210^|^20950226
462^|^381^|^383^|^384^|^385^|^409^|^406^|^20170620^|^20970805
463^|^382^|^384^|^385^|^386^|^410^|^407^|^20170620^|^20990928
464^|^383^|^385^|^386^|^387^|^411^|^408^|^20170322^|^20940406
465^|^384^|^386^|^387^|^388^|^412^|^409^|^20170209^|^20921023
466^|^385^|^387^|^388^|^389^|^413^|^410^|^20171104^|^20900113
467^|^386^|^388^|^389^|^390^|^414^|^411^|^20170523^|^20961027
468^|^387^|^389^|^390^|^391^|^415^|^412^|^20170909^|^20910925
469^|^388^|^390^|^391^|^392^|^416^|^413^|^20171111^|^20931222
470^|^389^|^391^|^392^|^393^|^417^|^414^|^20170201^|^20980428
471^|^390^|^392^|^393^|^394^|^418^|^415^|^20170613^|^20951226
472^|^391^|^393^|^394^|^395^|^419^|^416^|^20170908^|^20980724
473^|^392^|^394^|^395^|^396^|^420^|^417^|^20171003^|^20910817
474^|^393^|^395^|^396^|^397^|^421^|^418^|^20170413^|^20920808
475^|^394^|^396^|^397^|^398^|^422^|^419^|^20170625^|^20990806
476^|^395^|^397^|^398^|^399^|^423^|^420^|^20170104^|^20990506
477^|^396^|^398^|^399^|^400^|^424^|^421^|^20170307^|^20940317
478^|^397^|^399^|^400^|^401^|^425^|^422^|^20170117^|^20930225
479^|^398^|^400^|^401^|^402^|^426^|^423^|^20170524^|^20900724
480^|^399^|^401^|^402^|^403^|^427^|^424^|^20171011^|^20940826
481^|^400^|^402^|^403^|^404^|^428^|^425^|^20170809^|^20960805
482^|^401^|^403^|^404^|^405^|^429^|^426^|^20170204^|^20930117
483^|^402^|^404^|^405^|^406^|^430^|^427^|^20170724^|^20900128
484^|^403^|^405^|^406^|^407^|^431^|^428^|^20170915^|^20971214
485^|^404^|^406^|^407^|^408^|^432^|^429^|^20171128^|^20930514
486^|^405^|^407^|^408^|^409^|^433^|^430^|^20170630^|^20990609
487^|^406^|^408^|^409^|^410^|^434^|^431^|^20171130^|^20950413
488^|^407^|^409^|^410^|^411^|^435^|^432^|^20170718^|^20991001
489^|^408^|^410^|^411^|^412^|^436^|^433^|^20170808^|^20941014
490^|^409^|^411^|^412^|^413^|^437^|^434^|^20170704^|^20940505
491^|^410^|^412^|^413^|^414^|^438^|^435^|^20170728^|^20990419
492^|^411^|^413^|^414^|^415^|^439^|^436^|^20170707^|^20900130
493^|^412^|^414^|^415^|^416^|^440^|^437^|^20170603^|^20920622
494^|^413^|^415^|^416^|^417^|^441^|^438^|^20170711^|^20971213
495^|^414^|^416^|^417^|^418^|^442^|^439^|^20171112^|^20900606
496^|^415^|^417^|^418^|^419^|^443^|^440^|^20170302^|^20990624
497^|^416^|^418^|^419^|^420^|^444^|^441^|^20170622^|^20980207
498^|^417^|^419^|^420^|^421^|^445^|^442^|^20171130^|^20950926
499^|^418^|^420^|^421^|^422^|^446^|^443^|^20170501^|^20951014
500^|^419^|^421^|^422^|^423^|^447^|^444^|^20171230^|^20900215
501^|^420^|^422^|^423^|^424^|^448^|^445^|^20171010^|^20910518
502^|^421^|^423^|^424^|^425^|^449^|^446^|^20170604^|^20961003
503^|^422^|^424^|^425^|^426^|^450^|^447^|^20170222^|^20910421
504^|^423^|^425^|^426^|^427^|^451^|^448^|^20171120^|^20930503
505^|^424^|^426^|^427^|^428^|^452^|^449^|^20170330^|^20960115
506^|^425^|^427^|^428^|^429^|^453^|^450^|^20171223^|^20960926
507^|^426^|^428^|^429^|^430^|^454^|^451^|^20170826^|^20920211
508^|^427^|^429^|^430^|^431^|^455^|^452^|^20170117^|^20910207
509^|^428^|^430^|^431^|^432^|^456^|^453^|^20170312^|^20950628
510^|^429^|^431^|^432^|^433^|^457^|^454^|^20170909^|^20950429
511^|^430^|^432^|^433^|^434^|^458^|^455^|^20170601^|^20960520
512^|^431^|^433^|^434^|^435^|^459^|^456^|^20170508^|^20950319
513^|^432^|^434^|^435^|^436^|^460^|^457^|^20171122^|^20960802
514^|^433^|^435^|^436^|^437^|^461^|^458^|^20170721^|^20910127
515^|^434^|^436^|^437^|^438^|^462^|^459^|^20171004^|^20900121
516^|^435^|^437^|^438^|^439^|^463^|^460^|^20170911^|^20970511
517^|^436^|^438^|^439^|^440^|^464^|^461^|^20170127^|^20970913
518^|^437^|^439^|^440^|^441^|^465^|^462^|^20170825^|^20911128
519^|^438^|^440^|^441^|^442^|^466^|^463^|^20171211^|^20960509
520^|^439^|^441^|^442^|^443^|^467^|^464^|^20170803^|^20950201
521^|^440^|^442^|^443^|^444^|^468^|^465^|^20171101^|^20940719
522^|^441^|^443^|^444^|^445^|^469^|^466^|^20170730^|^20920527
523^|^442^|^444^|^445^|^446^|^470^|^467^|^20170203^|^20910216
524^|^443^|^445^|^446^|^447^|^471^|^468^|^20170102^|^20960421
525^|^444^|^446^|^447^|^448^|^472^|^469^|^20170102^|^20980228
526^|^445^|^447^|^448^|^449^|^473^|^470^|^20170127^|^20971027
527^|^446^|^448^|^449^|^450^|^474^|^471^|^20171117^|^20940528
528^|^447^|^449^|^450^|^451^|^475^|^472^|^20170401^|^20901023
529^|^448^|^450^|^451^|^452^|^476^|^473^|^20170712^|^20971213
530^|^449^|^451^|^452^|^453^|^477^|^474^|^20171024^|^20930908
531^|^450^|^452^|^453^|^454^|^478^|^475^|^20171126^|^20950630
532^|^451^|^453^|^454^|^455^|^479^|^476^|^20170505^|^20960616
533^|^452^|^454^|^455^|^456^|^480^|^477^|^20170508^|^20920413
534^|^453^|^455^|^456^|^457^|^481^|^478^|^20171020^|^20960429
535^|^454^|^456^|^457^|^458^|^482^|^479^|^20170904^|^20980123
536^|^455^|^457^|^458^|^459^|^483^|^480^|^20170521^|^20970708
537^|^456^|^458^|^459^|^460^|^484^|^481^|^20170506^|^20971113
538^|^457^|^459^|^460^|^461^|^485^|^482^|^20170427^|^20950107
539^|^458^|^460^|^461^|^462^|^486^|^483^|^20170504^|^20921126
540^|^459^|^461^|^462^|^463^|^487^|^484^|^20170530^|^20920426
541^|^460^|^462^|^463^|^464^|^488^|^485^|^20170522^|^20910528
542^|^461^|^463^|^464^|^465^|^489^|^486^|^20170621^|^20980111
543^|^462^|^464^|^465^|^466^|^490^|^487^|^20171103^|^20921212
544^|^463^|^465^|^466^|^467^|^491^|^488^|^20170326^|^20951125
545^|^464^|^466^|^467^|^468^|^492^|^489^|^20170105^|^20960831
546^|^465^|^467^|^468^|^469^|^493^|^490^|^20170510^|^20920704
547^|^466^|^468^|^469^|^470^|^494^|^491^|^20170425^|^20940816
548^|^467^|^469^|^470^|^471^|^495^|^492^|^20170706^|^20960504
549^|^468^|^470^|^471^|^472^|^496^|^493^|^20171026^|^20900212
550^|^469^|^471^|^472^|^473^|^497^|^494^|^20170525^|^20920527
551^|^470^|^472^|^473^|^474^|^498^|^495^|^20171122^|^20990319
552^|^471^|^473^|^474^|^475^|^499^|^496^|^20171022^|^20980322
553^|^472^|^474^|^475^|^476^|^500^|^497^|^20170923^|^20920305
554^|^473^|^475^|^476^|^477^|^501^|^498^|^20170119^|^20900930
555^|^474^|^476^|^477^|^478^|^502^|^499^|^20170808^|^20990219
556^|^475^|^477^|^478^|^479^|^503^|^500^|^20171029^|^20981012
557^|^476^|^478^|^479^|^480^|^504^|^501^|^20171022^|^20951207
558^|^477^|^479^|^480^|^481^|^505^|^502^|^20171129^|^20960219
559^|^478^|^480^|^481^|^482^|^506^|^503^|^20170922^|^20970503
560^|^479^|^481^|^482^|^483^|^507^|^504^|^20170328^|^20940416
561^|^480^|^482^|^483^|^484^|^508^|^505^|^20171222^|^20900314
562^|^481^|^483^|^484^|^485^|^509^|^506^|^20170122^|^20911206
563^|^482^|^484^|^485^|^486^|^510^|^507^|^20170808^|^20960904
564^|^483^|^485^|^486^|^487^|^511^|^508^|^20170324^|^20911118
565^|^484^|^486^|^487^|^488^|^512^|^509^|^20170115^|^20960410
566^|^485^|^487^|^488^|^489^|^513^|^510^|^20170806^|^20960928
567^|^486^|^488^|^489^|^490^|^514^|^511^|^20171205^|^20991215
568^|^487^|^489^|^490^|^491^|^515^|^512^|^20170908^|^20930531
569^|^488^|^490^|^491^|^492^|^516^|^513^|^20170101^|^20900728
570^|^489^|^491^|^492^|^493^|^517^|^514^|^20170114^|^20920823
571^|^490^|^492^|^493^|^494^|^518^|^515^|^20170117^|^20930515
572^|^491^|^493^|^494^|^495^|^519^|^516^|^20170107^|^20951023
573^|^492^|^494^|^495^|^496^|^520^|^517^|^20171026^|^20931213
574^|^493^|^495^|^496^|^497^|^521^|^518^|^20170811^|^20950902
575^|^494^|^496^|^497^|^498^|^522^|^519^|^20170608^|^20920901
576^|^495^|^497^|^498^|^499^|^523^|^520^|^20170724^|^20921119
577^|^496^|^498^|^499^|^500^|^524^|^521^|^20170305^|^20990718
578^|^497^|^499^|^500^|^501^|^525^|^522^|^20171105^|^20910305
579^|^498^|^500^|^501^|^502^|^526^|^523^|^20171020^|^20901015
580^|^499^|^501^|^502^|^503^|^527^|^524^|^20170509^|^20910706
581^|^500^|^502^|^503^|^504^|^528^|^525^|^20170121^|^20941201
582^|^501^|^503^|^504^|^505^|^529^|^526^|^20170924^|^20940424
583^|^502^|^504^|^505^|^506^|^530^|^527^|^20171202^|^20910508
584^|^503^|^505^|^506^|^507^|^531^|^528^|^20170913^|^20970308
585^|^504^|^506^|^507^|^508^|^532^|^529^|^20170423^|^20991121
586^|^505^|^507^|^508^|^509^|^533^|^530^|^20170602^|^20930428
587^|^506^|^508^|^509^|^510^|^534^|^531^|^20170913^|^20920520
588^|^507^|^509^|^510^|^511^|^535^|^532^|^20170129^|^20981008
589^|^508^|^510^|^511^|^512^|^536^|^533^|^20170107^|^20980101
590^|^509^|^511^|^512^|^513^|^537^|^534^|^20171210^|^20951025
591^|^510^|^512^|^513^|^514^|^538^|^535^|^20170707^|^20970418
592^|^511^|^513^|^514^|^515^|^539^|^536^|^20171129^|^20900306
593^|^512^|^514^|^515^|^516^|^540^|^537^|^20170920^|^20930605
594^|^513^|^515^|^516^|^517^|^541^|^538^|^20171229^|^20930511
595^|^514^|^516^|^517^|^518^|^542^|^539^|^20170110^|^20940416
596^|^515^|^517^|^518^|^519^|^543^|^540^|^20170602^|^20930819
597^|^516^|^518^|^519^|^520^|^544^|^541^|^20170123^|^20990303
598^|^517^|^519^|^520^|^521^|^545^|^542^|^20170627^|^20990104
599^|^518^|^520^|^521^|^522^|^546^|^543^|^20170314^|^20911103