sc_id^|^sc_valid_from_date^|^sc_valid_until_date^|^sc_num^|^sc_name^|^sc_orig_num^|^sc_eff_date^|^sc_expire_date^|^sc_ident_type_cd^|^sc_ident1_num^|^sc_ident2_num^|^sc_ident3_num^|^sc_cust_rel_role_cd
53^|^20131211^|^20920807^|^1694498^|^Vertriebsbeauftragte^|^VB^|^20180904^|^20190719^|^SCI^|^1694498^|^1694498^|^1694498^|^D
54^|^20170326^|^20940610^|^1694498^|^Vertriebsbeauftragte^|^VB^|^20180702^|^20190612^|^SCI^|^1694498^|^1694498^|^1694498^|^D
55^|^20131225^|^20970420^|^1694498^|^Vertriebsbeauftragte^|^VB^|^20180502^|^20191221^|^SCI^|^1694498^|^1694498^|^1694498^|^D
56^|^20130505^|^20950418^|^1694498^|^Vertriebsbeauftragte^|^VB^|^20181007^|^20190529^|^SCI^|^1694498^|^1694498^|^1694498^|^D
57^|^20170930^|^20910213^|^1694498^|^Vertriebsbeauftragte^|^VB^|^20180707^|^20190122^|^SCI^|^1694498^|^1694498^|^1694498^|^D
58^|^20120901^|^20980211^|^1694498^|^Vertriebsbeauftragte^|^VB^|^20180221^|^20191202^|^SCI^|^1694498^|^1694498^|^1694498^|^D
59^|^20160623^|^20970509^|^1694498^|^Vertriebsbeauftragte^|^VB^|^20180817^|^20190402^|^SCI^|^1694498^|^1694498^|^1694498^|^D
60^|^20130904^|^20920613^|^1694498^|^Vertriebsbeauftragte^|^VB^|^20180429^|^20190806^|^SCI^|^1694498^|^1694498^|^1694498^|^D
61^|^20150807^|^20921013^|^1694498^|^Vertriebsbeauftragte^|^VB^|^20180415^|^20190530^|^SCI^|^1694498^|^1694498^|^1694498^|^D
62^|^20110921^|^20940505^|^1694498^|^Vertriebsbeauftragte^|^VB^|^20181124^|^20190221^|^SCI^|^1694498^|^1694498^|^1694498^|^D
63^|^20160409^|^20920303^|^1694498^|^Vertriebsbeauftragte^|^VB^|^20180206^|^20190322^|^SCI^|^1694498^|^1694498^|^1694498^|^D
64^|^20141104^|^20971021^|^1694498^|^Vertriebsbeauftragte^|^VB^|^20181011^|^20190601^|^SCI^|^1694498^|^1694498^|^1694498^|^D
65^|^20111130^|^20940430^|^1694498^|^Vertriebsbeauftragte^|^VB^|^20180708^|^20190404^|^SCI^|^1694498^|^1694498^|^1694498^|^D
66^|^20110306^|^20970527^|^1694498^|^Vertriebsbeauftragte^|^VB^|^20180218^|^20191203^|^SCI^|^1694498^|^1694498^|^1694498^|^D
67^|^20170524^|^20970110^|^1694498^|^Vertriebsbeauftragte^|^VB^|^20180920^|^20191027^|^SCI^|^1694498^|^1694498^|^1694498^|^D
68^|^20120815^|^20980830^|^1694498^|^Vertriebsbeauftragte^|^VB^|^20180701^|^20190628^|^SCI^|^1694498^|^1694498^|^1694498^|^D
69^|^20121015^|^20990617^|^1694498^|^Vertriebsbeauftragte^|^VB^|^20180914^|^20190510^|^SCI^|^1694498^|^1694498^|^1694498^|^D
70^|^20161027^|^20940412^|^1694498^|^Vertriebsbeauftragte^|^VB^|^20180110^|^20190627^|^SCI^|^1694498^|^1694498^|^1694498^|^D
71^|^20170209^|^20951101^|^1694498^|^Vertriebsbeauftragte^|^VB^|^20181112^|^20190920^|^SCI^|^1694498^|^1694498^|^1694498^|^D
72^|^20170905^|^20921014^|^1694498^|^Vertriebsbeauftragte^|^VB^|^20180918^|^20191208^|^SCI^|^1694498^|^1694498^|^1694498^|^D
73^|^20120430^|^20930313^|^1694498^|^Vertriebsbeauftragte^|^VB^|^20181224^|^20190102^|^SCI^|^1694498^|^1694498^|^1694498^|^D
74^|^20130826^|^20920911^|^1694498^|^Vertriebsbeauftragte^|^VB^|^20181015^|^20190423^|^SCI^|^1694498^|^1694498^|^1694498^|^D
75^|^20130118^|^20940201^|^1694498^|^Vertriebsbeauftragte^|^VB^|^20180118^|^20191119^|^SCI^|^1694498^|^1694498^|^1694498^|^D
76^|^20150926^|^20920327^|^1694498^|^Vertriebsbeauftragte^|^VB^|^20180101^|^20191208^|^SCI^|^1694498^|^1694498^|^1694498^|^D
77^|^20150825^|^20910613^|^1694498^|^Vertriebsbeauftragte^|^VB^|^20180126^|^20191003^|^SCI^|^1694498^|^1694498^|^1694498^|^D
78^|^20151008^|^20920628^|^1694498^|^Vertriebsbeauftragte^|^VB^|^20180123^|^20190518^|^SCI^|^1694498^|^1694498^|^1694498^|^D
79^|^20111106^|^20911111^|^1694498^|^Vertriebsbeauftragte^|^VB^|^20180615^|^20190518^|^SCI^|^1694498^|^1694498^|^1694498^|^D
80^|^20150302^|^20950927^|^1694498^|^Vertriebsbeauftragte^|^VB^|^20181113^|^20190214^|^SCI^|^1694498^|^1694498^|^1694498^|^D
81^|^20121229^|^20980227^|^1694498^|^Vertriebsbeauftragte^|^VB^|^20180607^|^20191124^|^SCI^|^1694498^|^1694498^|^1694498^|^D
82^|^20160420^|^20920717^|^1694498^|^Vertriebsbeauftragte^|^VB^|^20180604^|^20191107^|^SCI^|^1694498^|^1694498^|^1694498^|^D
83^|^20151107^|^20981019^|^1694498^|^Vertriebsbeauftragte^|^VB^|^20180413^|^20190708^|^SCI^|^1694498^|^1694498^|^1694498^|^D
84^|^20160930^|^20960225^|^1694498^|^Vertriebsbeauftragte^|^VB^|^20180509^|^20191026^|^SCI^|^1694498^|^1694498^|^1694498^|^D
85^|^20140226^|^20920713^|^1694498^|^Vertriebsbeauftragte^|^VB^|^20180801^|^20190523^|^SCI^|^1694498^|^1694498^|^1694498^|^D
86^|^20150121^|^20980806^|^1694498^|^Vertriebsbeauftragte^|^VB^|^20180617^|^20190505^|^SCI^|^1694498^|^1694498^|^1694498^|^D
87^|^20121029^|^20980210^|^1694498^|^Vertriebsbeauftragte^|^VB^|^20180819^|^20190610^|^SCI^|^1694498^|^1694498^|^1694498^|^D
88^|^20150403^|^20931126^|^1694498^|^Vertriebsbeauftragte^|^VB^|^20180623^|^20190821^|^SCI^|^1694498^|^1694498^|^1694498^|^D
89^|^20131101^|^20951018^|^1694498^|^Vertriebsbeauftragte^|^VB^|^20180508^|^20190401^|^SCI^|^1694498^|^1694498^|^1694498^|^D
90^|^20141211^|^20910511^|^1694498^|^Vertriebsbeauftragte^|^VB^|^20180118^|^20191117^|^SCI^|^1694498^|^1694498^|^1694498^|^D
91^|^20151216^|^20911028^|^1694498^|^Vertriebsbeauftragte^|^VB^|^20181224^|^20191228^|^SCI^|^1694498^|^1694498^|^1694498^|^D
92^|^20150704^|^20930706^|^1694498^|^Vertriebsbeauftragte^|^VB^|^20180828^|^20190505^|^SCI^|^1694498^|^1694498^|^1694498^|^D
93^|^20170416^|^20920702^|^1694498^|^Vertriebsbeauftragte^|^VB^|^20180406^|^20191007^|^SCI^|^1694498^|^1694498^|^1694498^|^D
94^|^20130529^|^20971123^|^1694498^|^Vertriebsbeauftragte^|^VB^|^20180426^|^20190129^|^SCI^|^1694498^|^1694498^|^1694498^|^D
95^|^20111224^|^20940818^|^1694498^|^Vertriebsbeauftragte^|^VB^|^20180201^|^20190917^|^SCI^|^1694498^|^1694498^|^1694498^|^D
96^|^20110102^|^20961008^|^1694498^|^Vertriebsbeauftragte^|^VB^|^20180914^|^20190524^|^SCI^|^1694498^|^1694498^|^1694498^|^D
97^|^20120212^|^20970101^|^1694498^|^Vertriebsbeauftragte^|^VB^|^20181124^|^20191205^|^SCI^|^1694498^|^1694498^|^1694498^|^D
98^|^20101215^|^20971021^|^1694498^|^Vertriebsbeauftragte^|^VB^|^20180222^|^20190823^|^SCI^|^1694498^|^1694498^|^1694498^|^D
99^|^20161116^|^20980328^|^1694498^|^Vertriebsbeauftragte^|^VB^|^20180819^|^20191101^|^SCI^|^1694498^|^1694498^|^1694498^|^D
100^|^20140901^|^20941013^|^1694498^|^Vertriebsbeauftragte^|^VB^|^20180611^|^20191101^|^SCI^|^1694498^|^1694498^|^1694498^|^D
101^|^20150501^|^20931107^|^1694498^|^Vertriebsbeauftragte^|^VB^|^20180819^|^20191130^|^SCI^|^1694498^|^1694498^|^1694498^|^D
102^|^20151023^|^20990718^|^1694498^|^Vertriebsbeauftragte^|^VB^|^20181026^|^20190627^|^SCI^|^1694498^|^1694498^|^1694498^|^D
103^|^20130402^|^20970728^|^1694498^|^Vertriebsbeauftragte^|^VB^|^20181016^|^20190423^|^SCI^|^1694498^|^1694498^|^1694498^|^D
104^|^20160131^|^20940511^|^1694498^|^Vertriebsbeauftragte^|^VB^|^20180627^|^20190921^|^SCI^|^1694498^|^1694498^|^1694498^|^D
105^|^20101204^|^20980216^|^1694498^|^Vertriebsbeauftragte^|^VB^|^20180808^|^20191202^|^SCI^|^1694498^|^1694498^|^1694498^|^D
106^|^20130923^|^20960114^|^1694498^|^Vertriebsbeauftragte^|^VB^|^20180703^|^20190112^|^SCI^|^1694498^|^1694498^|^1694498^|^D
107^|^20140614^|^20920823^|^1694498^|^Vertriebsbeauftragte^|^VB^|^20180517^|^20190829^|^SCI^|^1694498^|^1694498^|^1694498^|^D
108^|^20160818^|^20920329^|^1694498^|^Vertriebsbeauftragte^|^VB^|^20181213^|^20190403^|^SCI^|^1694498^|^1694498^|^1694498^|^D
109^|^20151104^|^20950907^|^1694498^|^Vertriebsbeauftragte^|^VB^|^20180911^|^20190822^|^SCI^|^1694498^|^1694498^|^1694498^|^D
110^|^20160927^|^20940625^|^1694498^|^Vertriebsbeauftragte^|^VB^|^20180713^|^20190116^|^SCI^|^1694498^|^1694498^|^1694498^|^D
111^|^20130901^|^20970630^|^1694498^|^Vertriebsbeauftragte^|^VB^|^20180926^|^20190203^|^SCI^|^1694498^|^1694498^|^1694498^|^D
112^|^20120325^|^20950608^|^1694498^|^Vertriebsbeauftragte^|^VB^|^20181007^|^20190706^|^SCI^|^1694498^|^1694498^|^1694498^|^D
113^|^20110530^|^20931222^|^1694498^|^Vertriebsbeauftragte^|^VB^|^20180206^|^20190622^|^SCI^|^1694498^|^1694498^|^1694498^|^D
114^|^20111107^|^20970828^|^1694498^|^Vertriebsbeauftragte^|^VB^|^20180301^|^20190221^|^SCI^|^1694498^|^1694498^|^1694498^|^D
115^|^20120215^|^20931205^|^1694498^|^Vertriebsbeauftragte^|^VB^|^20180621^|^20190120^|^SCI^|^1694498^|^1694498^|^1694498^|^D
116^|^20150410^|^20980831^|^1694498^|^Vertriebsbeauftragte^|^VB^|^20180523^|^20190929^|^SCI^|^1694498^|^1694498^|^1694498^|^D
117^|^20140301^|^20950129^|^1694498^|^Vertriebsbeauftragte^|^VB^|^20181003^|^20191115^|^SCI^|^1694498^|^1694498^|^1694498^|^D
118^|^20170405^|^20980430^|^1694498^|^Vertriebsbeauftragte^|^VB^|^20180318^|^20190227^|^SCI^|^1694498^|^1694498^|^1694498^|^D
119^|^20150114^|^20950807^|^1694498^|^Vertriebsbeauftragte^|^VB^|^20180311^|^20190222^|^SCI^|^1694498^|^1694498^|^1694498^|^D
120^|^20161217^|^20971005^|^1694498^|^Vertriebsbeauftragte^|^VB^|^20181118^|^20191215^|^SCI^|^1694498^|^1694498^|^1694498^|^D
121^|^20120909^|^20960815^|^1694498^|^Vertriebsbeauftragte^|^VB^|^20181114^|^20190113^|^SCI^|^1694498^|^1694498^|^1694498^|^D
122^|^20120622^|^20901220^|^1694498^|^Vertriebsbeauftragte^|^VB^|^20180409^|^20191009^|^SCI^|^1694498^|^1694498^|^1694498^|^D
123^|^20160822^|^20980317^|^1694498^|^Vertriebsbeauftragte^|^VB^|^20181009^|^20190201^|^SCI^|^1694498^|^1694498^|^1694498^|^D
124^|^20160701^|^20930311^|^1694498^|^Vertriebsbeauftragte^|^VB^|^20181206^|^20191111^|^SCI^|^1694498^|^1694498^|^1694498^|^D
125^|^20130201^|^20980728^|^1694498^|^Vertriebsbeauftragte^|^VB^|^20180908^|^20190121^|^SCI^|^1694498^|^1694498^|^1694498^|^D
126^|^20130612^|^20921027^|^1694498^|^Vertriebsbeauftragte^|^VB^|^20180818^|^20190129^|^SCI^|^1694498^|^1694498^|^1694498^|^D
127^|^20170114^|^20910909^|^1694498^|^Vertriebsbeauftragte^|^VB^|^20181130^|^20190211^|^SCI^|^1694498^|^1694498^|^1694498^|^D
128^|^20130803^|^20980711^|^1694498^|^Vertriebsbeauftragte^|^VB^|^20180720^|^20191102^|^SCI^|^1694498^|^1694498^|^1694498^|^D
129^|^20120221^|^20940215^|^1694498^|^Vertriebsbeauftragte^|^VB^|^20180519^|^20190223^|^SCI^|^1694498^|^1694498^|^1694498^|^D
130^|^20120614^|^20980310^|^1694498^|^Vertriebsbeauftragte^|^VB^|^20180210^|^20190801^|^SCI^|^1694498^|^1694498^|^1694498^|^D
131^|^20131014^|^20931216^|^1694498^|^Vertriebsbeauftragte^|^VB^|^20180103^|^20190604^|^SCI^|^1694498^|^1694498^|^1694498^|^D
132^|^20120927^|^20930914^|^1694498^|^Vertriebsbeauftragte^|^VB^|^20180116^|^20190221^|^SCI^|^1694498^|^1694498^|^1694498^|^D
133^|^20120724^|^20960311^|^1694498^|^Vertriebsbeauftragte^|^VB^|^20180107^|^20190701^|^SCI^|^1694498^|^1694498^|^1694498^|^D
134^|^20140226^|^20981214^|^1694498^|^Vertriebsbeauftragte^|^VB^|^20181125^|^20190618^|^SCI^|^1694498^|^1694498^|^1694498^|^D
135^|^20170904^|^20990828^|^1694498^|^Vertriebsbeauftragte^|^VB^|^20180531^|^20190318^|^SCI^|^1694498^|^1694498^|^1694498^|^D
136^|^20130627^|^20980905^|^1694498^|^Vertriebsbeauftragte^|^VB^|^20180129^|^20190108^|^SCI^|^1694498^|^1694498^|^1694498^|^D
137^|^20111130^|^20910212^|^1694498^|^Vertriebsbeauftragte^|^VB^|^20181113^|^20190511^|^SCI^|^1694498^|^1694498^|^1694498^|^D
138^|^20131109^|^20991002^|^1694498^|^Vertriebsbeauftragte^|^VB^|^20180630^|^20190819^|^SCI^|^1694498^|^1694498^|^1694498^|^D
139^|^20150717^|^20950927^|^1694498^|^Vertriebsbeauftragte^|^VB^|^20180320^|^20190518^|^SCI^|^1694498^|^1694498^|^1694498^|^D
140^|^20151129^|^20990612^|^1694498^|^Vertriebsbeauftragte^|^VB^|^20180313^|^20190609^|^SCI^|^1694498^|^1694498^|^1694498^|^D
141^|^20160503^|^20971028^|^1694498^|^Vertriebsbeauftragte^|^VB^|^20180110^|^20190318^|^SCI^|^1694498^|^1694498^|^1694498^|^D
142^|^20151105^|^20901220^|^1694498^|^Vertriebsbeauftragte^|^VB^|^20181208^|^20190225^|^SCI^|^1694498^|^1694498^|^1694498^|^D
143^|^20140403^|^20960318^|^1694498^|^Vertriebsbeauftragte^|^VB^|^20181021^|^20191102^|^SCI^|^1694498^|^1694498^|^1694498^|^D
144^|^20161030^|^20990902^|^1694498^|^Vertriebsbeauftragte^|^VB^|^20180802^|^20191112^|^SCI^|^1694498^|^1694498^|^1694498^|^D
145^|^20120705^|^20920111^|^1694498^|^Vertriebsbeauftragte^|^VB^|^20180805^|^20190501^|^SCI^|^1694498^|^1694498^|^1694498^|^D
146^|^20171026^|^20970308^|^1694498^|^Vertriebsbeauftragte^|^VB^|^20180828^|^20190404^|^SCI^|^1694498^|^1694498^|^1694498^|^D
147^|^20141107^|^20990428^|^1694498^|^Vertriebsbeauftragte^|^VB^|^20180605^|^20191207^|^SCI^|^1694498^|^1694498^|^1694498^|^D
148^|^20110901^|^20971125^|^1694498^|^Vertriebsbeauftragte^|^VB^|^20180225^|^20190106^|^SCI^|^1694498^|^1694498^|^1694498^|^D
149^|^20170315^|^20951220^|^1694498^|^Vertriebsbeauftragte^|^VB^|^20180912^|^20190622^|^SCI^|^1694498^|^1694498^|^1694498^|^D
150^|^20161107^|^20960604^|^1694498^|^Vertriebsbeauftragte^|^VB^|^20180616^|^20191219^|^SCI^|^1694498^|^1694498^|^1694498^|^D
151^|^20170429^|^20950517^|^1694498^|^Vertriebsbeauftragte^|^VB^|^20180818^|^20190703^|^SCI^|^1694498^|^1694498^|^1694498^|^D
152^|^20140125^|^20960823^|^1694498^|^Vertriebsbeauftragte^|^VB^|^20180917^|^20190505^|^SCI^|^1694498^|^1694498^|^1694498^|^D
153^|^20161129^|^20970327^|^1694498^|^Vertriebsbeauftragte^|^VB^|^20180502^|^20190618^|^SCI^|^1694498^|^1694498^|^1694498^|^D
154^|^20130603^|^20910805^|^1694498^|^Vertriebsbeauftragte^|^VB^|^20180314^|^20191017^|^SCI^|^1694498^|^1694498^|^1694498^|^D
155^|^20140908^|^20961116^|^1694498^|^Vertriebsbeauftragte^|^VB^|^20180327^|^20190419^|^SCI^|^1694498^|^1694498^|^1694498^|^D
156^|^20110128^|^20960810^|^1694498^|^Vertriebsbeauftragte^|^VB^|^20180923^|^20190329^|^SCI^|^1694498^|^1694498^|^1694498^|^D
157^|^20150717^|^20991023^|^1694498^|^Vertriebsbeauftragte^|^VB^|^20181012^|^20191208^|^SCI^|^1694498^|^1694498^|^1694498^|^D
158^|^20110405^|^20961224^|^1694498^|^Vertriebsbeauftragte^|^VB^|^20180804^|^20190203^|^SCI^|^1694498^|^1694498^|^1694498^|^D
159^|^20160613^|^20980516^|^1694498^|^Vertriebsbeauftragte^|^VB^|^20180126^|^20190210^|^SCI^|^1694498^|^1694498^|^1694498^|^D
160^|^20120523^|^20990328^|^1694498^|^Vertriebsbeauftragte^|^VB^|^20180427^|^20191016^|^SCI^|^1694498^|^1694498^|^1694498^|^D
161^|^20111008^|^20971107^|^1694498^|^Vertriebsbeauftragte^|^VB^|^20180812^|^20190324^|^SCI^|^1694498^|^1694498^|^1694498^|^D
162^|^20150218^|^20940410^|^1694498^|^Vertriebsbeauftragte^|^VB^|^20180626^|^20190817^|^SCI^|^1694498^|^1694498^|^1694498^|^D
163^|^20150105^|^20950218^|^1694498^|^Vertriebsbeauftragte^|^VB^|^20180901^|^20190917^|^SCI^|^1694498^|^1694498^|^1694498^|^D
164^|^20140703^|^20920201^|^1694498^|^Vertriebsbeauftragte^|^VB^|^20180923^|^20190916^|^SCI^|^1694498^|^1694498^|^1694498^|^D
165^|^20160413^|^20991009^|^1694498^|^Vertriebsbeauftragte^|^VB^|^20180728^|^20190111^|^SCI^|^1694498^|^1694498^|^1694498^|^D
166^|^20110216^|^20931011^|^1694498^|^Vertriebsbeauftragte^|^VB^|^20180619^|^20191204^|^SCI^|^1694498^|^1694498^|^1694498^|^D
167^|^20140618^|^20990814^|^1694498^|^Vertriebsbeauftragte^|^VB^|^20181013^|^20191216^|^SCI^|^1694498^|^1694498^|^1694498^|^D
168^|^20160902^|^20960804^|^1694498^|^Vertriebsbeauftragte^|^VB^|^20180903^|^20190116^|^SCI^|^1694498^|^1694498^|^1694498^|^D
169^|^20130611^|^20950228^|^1694498^|^Vertriebsbeauftragte^|^VB^|^20180212^|^20190606^|^SCI^|^1694498^|^1694498^|^1694498^|^D
170^|^20170219^|^20930327^|^1694498^|^Vertriebsbeauftragte^|^VB^|^20180609^|^20191103^|^SCI^|^1694498^|^1694498^|^1694498^|^D
171^|^20170115^|^20930421^|^1694498^|^Vertriebsbeauftragte^|^VB^|^20181015^|^20190716^|^SCI^|^1694498^|^1694498^|^1694498^|^D
172^|^20140817^|^20961022^|^1694498^|^Vertriebsbeauftragte^|^VB^|^20180309^|^20190221^|^SCI^|^1694498^|^1694498^|^1694498^|^D
173^|^20121202^|^20901208^|^1694498^|^Vertriebsbeauftragte^|^VB^|^20181124^|^20190508^|^SCI^|^1694498^|^1694498^|^1694498^|^D
174^|^20170601^|^20990905^|^1694498^|^Vertriebsbeauftragte^|^VB^|^20181009^|^20190914^|^SCI^|^1694498^|^1694498^|^1694498^|^D
175^|^20170830^|^20990830^|^1694498^|^Vertriebsbeauftragte^|^VB^|^20180620^|^20191105^|^SCI^|^1694498^|^1694498^|^1694498^|^D
176^|^20140416^|^20960301^|^1694498^|^Vertriebsbeauftragte^|^VB^|^20180730^|^20190928^|^SCI^|^1694498^|^1694498^|^1694498^|^D
177^|^20130731^|^20980406^|^1694498^|^Vertriebsbeauftragte^|^VB^|^20180423^|^20190910^|^SCI^|^1694498^|^1694498^|^1694498^|^D
178^|^20110310^|^20950905^|^1694498^|^Vertriebsbeauftragte^|^VB^|^20180610^|^20190518^|^SCI^|^1694498^|^1694498^|^1694498^|^D
179^|^20170727^|^20940314^|^1694498^|^Vertriebsbeauftragte^|^VB^|^20180509^|^20190601^|^SCI^|^1694498^|^1694498^|^1694498^|^D
180^|^20160715^|^20960507^|^1694498^|^Vertriebsbeauftragte^|^VB^|^20180504^|^20190517^|^SCI^|^1694498^|^1694498^|^1694498^|^D
181^|^20140922^|^20940912^|^1694498^|^Vertriebsbeauftragte^|^VB^|^20181018^|^20190611^|^SCI^|^1694498^|^1694498^|^1694498^|^D
182^|^20110616^|^20960328^|^1694498^|^Vertriebsbeauftragte^|^VB^|^20181102^|^20190801^|^SCI^|^1694498^|^1694498^|^1694498^|^D
183^|^20120410^|^20931127^|^1694498^|^Vertriebsbeauftragte^|^VB^|^20180409^|^20190429^|^SCI^|^1694498^|^1694498^|^1694498^|^D
184^|^20171105^|^20980830^|^1694498^|^Vertriebsbeauftragte^|^VB^|^20180920^|^20190804^|^SCI^|^1694498^|^1694498^|^1694498^|^D
185^|^20141016^|^20910830^|^1694498^|^Vertriebsbeauftragte^|^VB^|^20180407^|^20190805^|^SCI^|^1694498^|^1694498^|^1694498^|^D
186^|^20150419^|^20960515^|^1694498^|^Vertriebsbeauftragte^|^VB^|^20180902^|^20190725^|^SCI^|^1694498^|^1694498^|^1694498^|^D
187^|^20130915^|^20911009^|^1694498^|^Vertriebsbeauftragte^|^VB^|^20181125^|^20191121^|^SCI^|^1694498^|^1694498^|^1694498^|^D
188^|^20111030^|^20941123^|^1694498^|^Vertriebsbeauftragte^|^VB^|^20181206^|^20190713^|^SCI^|^1694498^|^1694498^|^1694498^|^D
189^|^20160930^|^20910924^|^1694498^|^Vertriebsbeauftragte^|^VB^|^20180520^|^20191020^|^SCI^|^1694498^|^1694498^|^1694498^|^D
190^|^20150331^|^20930329^|^1694498^|^Vertriebsbeauftragte^|^VB^|^20181117^|^20190913^|^SCI^|^1694498^|^1694498^|^1694498^|^D
191^|^20110426^|^20960221^|^1694498^|^Vertriebsbeauftragte^|^VB^|^20181127^|^20190618^|^SCI^|^1694498^|^1694498^|^1694498^|^D
192^|^20150531^|^20950506^|^1694498^|^Vertriebsbeauftragte^|^VB^|^20180729^|^20190215^|^SCI^|^1694498^|^1694498^|^1694498^|^D
193^|^20150412^|^20960927^|^1694498^|^Vertriebsbeauftragte^|^VB^|^20181114^|^20190822^|^SCI^|^1694498^|^1694498^|^1694498^|^D
194^|^20130212^|^20920122^|^1694498^|^Vertriebsbeauftragte^|^VB^|^20181010^|^20190118^|^SCI^|^1694498^|^1694498^|^1694498^|^D
195^|^20121108^|^20990810^|^1694498^|^Vertriebsbeauftragte^|^VB^|^20180125^|^20190425^|^SCI^|^1694498^|^1694498^|^1694498^|^D
196^|^20130108^|^20970504^|^1694498^|^Vertriebsbeauftragte^|^VB^|^20180328^|^20190201^|^SCI^|^1694498^|^1694498^|^1694498^|^D
197^|^20110609^|^20921227^|^1694498^|^Vertriebsbeauftragte^|^VB^|^20181010^|^20190909^|^SCI^|^1694498^|^1694498^|^1694498^|^D
198^|^20160416^|^20960312^|^1694498^|^Vertriebsbeauftragte^|^VB^|^20181215^|^20191014^|^SCI^|^1694498^|^1694498^|^1694498^|^D
199^|^20170109^|^20930913^|^1694498^|^Vertriebsbeauftragte^|^VB^|^20180523^|^20191023^|^SCI^|^1694498^|^1694498^|^1694498^|^D
200^|^20110114^|^20980616^|^1694498^|^Vertriebsbeauftragte^|^VB^|^20180609^|^20190509^|^SCI^|^1694498^|^1694498^|^1694498^|^D
201^|^20141120^|^20930923^|^1694498^|^Vertriebsbeauftragte^|^VB^|^20180722^|^20190326^|^SCI^|^1694498^|^1694498^|^1694498^|^D
202^|^20111104^|^20910721^|^1694498^|^Vertriebsbeauftragte^|^VB^|^20181202^|^20190323^|^SCI^|^1694498^|^1694498^|^1694498^|^D
203^|^20140606^|^20960712^|^1694498^|^Vertriebsbeauftragte^|^VB^|^20180303^|^20190319^|^SCI^|^1694498^|^1694498^|^1694498^|^D
204^|^20170607^|^20971026^|^1694498^|^Vertriebsbeauftragte^|^VB^|^20181209^|^20190928^|^SCI^|^1694498^|^1694498^|^1694498^|^D
205^|^20130331^|^20970505^|^1694498^|^Vertriebsbeauftragte^|^VB^|^20180224^|^20190109^|^SCI^|^1694498^|^1694498^|^1694498^|^D
206^|^20130719^|^20950901^|^1694498^|^Vertriebsbeauftragte^|^VB^|^20181012^|^20190905^|^SCI^|^1694498^|^1694498^|^1694498^|^D
207^|^20140628^|^20940619^|^1694498^|^Vertriebsbeauftragte^|^VB^|^20181008^|^20190701^|^SCI^|^1694498^|^1694498^|^1694498^|^D
208^|^20150518^|^20980213^|^1694498^|^Vertriebsbeauftragte^|^VB^|^20180811^|^20190106^|^SCI^|^1694498^|^1694498^|^1694498^|^D
209^|^20170807^|^20990812^|^1694498^|^Vertriebsbeauftragte^|^VB^|^20180729^|^20190915^|^SCI^|^1694498^|^1694498^|^1694498^|^D
210^|^20110327^|^20920719^|^1694498^|^Vertriebsbeauftragte^|^VB^|^20181013^|^20191017^|^SCI^|^1694498^|^1694498^|^1694498^|^D
211^|^20121010^|^20951226^|^1694498^|^Vertriebsbeauftragte^|^VB^|^20180510^|^20190122^|^SCI^|^1694498^|^1694498^|^1694498^|^D
212^|^20120311^|^20981029^|^1694498^|^Vertriebsbeauftragte^|^VB^|^20180410^|^20190128^|^SCI^|^1694498^|^1694498^|^1694498^|^D
213^|^20140502^|^20970223^|^1694498^|^Vertriebsbeauftragte^|^VB^|^20180808^|^20190421^|^SCI^|^1694498^|^1694498^|^1694498^|^D
214^|^20111120^|^20940718^|^1694498^|^Vertriebsbeauftragte^|^VB^|^20180331^|^20190222^|^SCI^|^1694498^|^1694498^|^1694498^|^D
215^|^20140510^|^20940808^|^1694498^|^Vertriebsbeauftragte^|^VB^|^20181130^|^20191018^|^SCI^|^1694498^|^1694498^|^1694498^|^D
216^|^20110108^|^20951021^|^1694498^|^Vertriebsbeauftragte^|^VB^|^20180801^|^20190926^|^SCI^|^1694498^|^1694498^|^1694498^|^D
217^|^20140319^|^20970519^|^1694498^|^Vertriebsbeauftragte^|^VB^|^20180921^|^20190418^|^SCI^|^1694498^|^1694498^|^1694498^|^D
218^|^20131216^|^20940707^|^1694498^|^Vertriebsbeauftragte^|^VB^|^20180707^|^20190304^|^SCI^|^1694498^|^1694498^|^1694498^|^D
219^|^20161003^|^20930116^|^1694498^|^Vertriebsbeauftragte^|^VB^|^20180216^|^20190331^|^SCI^|^1694498^|^1694498^|^1694498^|^D
220^|^20120721^|^20930918^|^1694498^|^Vertriebsbeauftragte^|^VB^|^20181227^|^20190731^|^SCI^|^1694498^|^1694498^|^1694498^|^D
221^|^20141110^|^20920224^|^1694498^|^Vertriebsbeauftragte^|^VB^|^20180202^|^20191123^|^SCI^|^1694498^|^1694498^|^1694498^|^D
222^|^20110204^|^20951002^|^1694498^|^Vertriebsbeauftragte^|^VB^|^20181110^|^20191203^|^SCI^|^1694498^|^1694498^|^1694498^|^D
223^|^20160503^|^20910815^|^1694498^|^Vertriebsbeauftragte^|^VB^|^20180610^|^20191014^|^SCI^|^1694498^|^1694498^|^1694498^|^D
224^|^20161116^|^20911024^|^1694498^|^Vertriebsbeauftragte^|^VB^|^20180709^|^20190606^|^SCI^|^1694498^|^1694498^|^1694498^|^D
225^|^20110405^|^20930512^|^1694498^|^Vertriebsbeauftragte^|^VB^|^20181221^|^20190120^|^SCI^|^1694498^|^1694498^|^1694498^|^D
226^|^20160813^|^20920807^|^1694498^|^Vertriebsbeauftragte^|^VB^|^20180620^|^20190610^|^SCI^|^1694498^|^1694498^|^1694498^|^D
227^|^20160411^|^20910318^|^1694498^|^Vertriebsbeauftragte^|^VB^|^20181024^|^20191112^|^SCI^|^1694498^|^1694498^|^1694498^|^D
228^|^20150825^|^20931013^|^1694498^|^Vertriebsbeauftragte^|^VB^|^20180222^|^20190909^|^SCI^|^1694498^|^1694498^|^1694498^|^D
229^|^20170108^|^20981118^|^1694498^|^Vertriebsbeauftragte^|^VB^|^20180615^|^20190504^|^SCI^|^1694498^|^1694498^|^1694498^|^D
230^|^20170825^|^20920516^|^1694498^|^Vertriebsbeauftragte^|^VB^|^20180504^|^20190814^|^SCI^|^1694498^|^1694498^|^1694498^|^D
231^|^20160915^|^20981024^|^1694498^|^Vertriebsbeauftragte^|^VB^|^20180223^|^20190423^|^SCI^|^1694498^|^1694498^|^1694498^|^D
232^|^20110603^|^20971113^|^1694498^|^Vertriebsbeauftragte^|^VB^|^20180404^|^20190324^|^SCI^|^1694498^|^1694498^|^1694498^|^D
233^|^20131209^|^20990203^|^1694498^|^Vertriebsbeauftragte^|^VB^|^20180613^|^20190721^|^SCI^|^1694498^|^1694498^|^1694498^|^D
234^|^20140119^|^20920428^|^1694498^|^Vertriebsbeauftragte^|^VB^|^20180617^|^20191031^|^SCI^|^1694498^|^1694498^|^1694498^|^D
235^|^20111212^|^20910509^|^1694498^|^Vertriebsbeauftragte^|^VB^|^20180625^|^20191116^|^SCI^|^1694498^|^1694498^|^1694498^|^D
236^|^20110530^|^20980219^|^1694498^|^Vertriebsbeauftragte^|^VB^|^20180517^|^20190109^|^SCI^|^1694498^|^1694498^|^1694498^|^D
237^|^20170429^|^20940918^|^1694498^|^Vertriebsbeauftragte^|^VB^|^20180102^|^20191229^|^SCI^|^1694498^|^1694498^|^1694498^|^D
238^|^20110404^|^20920323^|^1694498^|^Vertriebsbeauftragte^|^VB^|^20181012^|^20191214^|^SCI^|^1694498^|^1694498^|^1694498^|^D
239^|^20130118^|^20980422^|^1694498^|^Vertriebsbeauftragte^|^VB^|^20180619^|^20190113^|^SCI^|^1694498^|^1694498^|^1694498^|^D
240^|^20110618^|^20930222^|^1694498^|^Vertriebsbeauftragte^|^VB^|^20180824^|^20190701^|^SCI^|^1694498^|^1694498^|^1694498^|^D
241^|^20110811^|^20931211^|^1694498^|^Vertriebsbeauftragte^|^VB^|^20181111^|^20190218^|^SCI^|^1694498^|^1694498^|^1694498^|^D
242^|^20120901^|^20930513^|^1694498^|^Vertriebsbeauftragte^|^VB^|^20180821^|^20190407^|^SCI^|^1694498^|^1694498^|^1694498^|^D
243^|^20171021^|^20901224^|^1694498^|^Vertriebsbeauftragte^|^VB^|^20180914^|^20190111^|^SCI^|^1694498^|^1694498^|^1694498^|^D
244^|^20151217^|^20980806^|^1694498^|^Vertriebsbeauftragte^|^VB^|^20180323^|^20190516^|^SCI^|^1694498^|^1694498^|^1694498^|^D
245^|^20120116^|^20940107^|^1694498^|^Vertriebsbeauftragte^|^VB^|^20181221^|^20190224^|^SCI^|^1694498^|^1694498^|^1694498^|^D
246^|^20110527^|^20940525^|^1694498^|^Vertriebsbeauftragte^|^VB^|^20180921^|^20190417^|^SCI^|^1694498^|^1694498^|^1694498^|^D
247^|^20130811^|^20940709^|^1694498^|^Vertriebsbeauftragte^|^VB^|^20180602^|^20190923^|^SCI^|^1694498^|^1694498^|^1694498^|^D
248^|^20141009^|^20901208^|^1694498^|^Vertriebsbeauftragte^|^VB^|^20180501^|^20190407^|^SCI^|^1694498^|^1694498^|^1694498^|^D
249^|^20150918^|^20911208^|^1694498^|^Vertriebsbeauftragte^|^VB^|^20180520^|^20191115^|^SCI^|^1694498^|^1694498^|^1694498^|^D
250^|^20150212^|^20930305^|^1694498^|^Vertriebsbeauftragte^|^VB^|^20180315^|^20191227^|^SCI^|^1694498^|^1694498^|^1694498^|^D
251^|^20170304^|^20960616^|^1694498^|^Vertriebsbeauftragte^|^VB^|^20180415^|^20191111^|^SCI^|^1694498^|^1694498^|^1694498^|^D
252^|^20110808^|^20991028^|^1694498^|^Vertriebsbeauftragte^|^VB^|^20180419^|^20191205^|^SCI^|^1694498^|^1694498^|^1694498^|^D
253^|^20150815^|^20960115^|^1694498^|^Vertriebsbeauftragte^|^VB^|^20180829^|^20190815^|^SCI^|^1694498^|^1694498^|^1694498^|^D
254^|^20150330^|^20951209^|^1694498^|^Vertriebsbeauftragte^|^VB^|^20180809^|^20190726^|^SCI^|^1694498^|^1694498^|^1694498^|^D
255^|^20161207^|^20990112^|^1694498^|^Vertriebsbeauftragte^|^VB^|^20180928^|^20190623^|^SCI^|^1694498^|^1694498^|^1694498^|^D
256^|^20150618^|^20940513^|^1694498^|^Vertriebsbeauftragte^|^VB^|^20181114^|^20190108^|^SCI^|^1694498^|^1694498^|^1694498^|^D
257^|^20120408^|^20950112^|^1694498^|^Vertriebsbeauftragte^|^VB^|^20181228^|^20190101^|^SCI^|^1694498^|^1694498^|^1694498^|^D
258^|^20160212^|^20961207^|^1694498^|^Vertriebsbeauftragte^|^VB^|^20181024^|^20190916^|^SCI^|^1694498^|^1694498^|^1694498^|^D
259^|^20151123^|^20960609^|^1694498^|^Vertriebsbeauftragte^|^VB^|^20180207^|^20191209^|^SCI^|^1694498^|^1694498^|^1694498^|^D
260^|^20161214^|^20990331^|^1694498^|^Vertriebsbeauftragte^|^VB^|^20180430^|^20190518^|^SCI^|^1694498^|^1694498^|^1694498^|^D
261^|^20110102^|^20910917^|^1694498^|^Vertriebsbeauftragte^|^VB^|^20180904^|^20190518^|^SCI^|^1694498^|^1694498^|^1694498^|^D
262^|^20171004^|^20961224^|^1694498^|^Vertriebsbeauftragte^|^VB^|^20181011^|^20190618^|^SCI^|^1694498^|^1694498^|^1694498^|^D
263^|^20120526^|^20961219^|^1694498^|^Vertriebsbeauftragte^|^VB^|^20180719^|^20190414^|^SCI^|^1694498^|^1694498^|^1694498^|^D
264^|^20110110^|^20981109^|^1694498^|^Vertriebsbeauftragte^|^VB^|^20181014^|^20190813^|^SCI^|^1694498^|^1694498^|^1694498^|^D
265^|^20170114^|^20940629^|^1694498^|^Vertriebsbeauftragte^|^VB^|^20180111^|^20190115^|^SCI^|^1694498^|^1694498^|^1694498^|^D
266^|^20170508^|^20910208^|^1694498^|^Vertriebsbeauftragte^|^VB^|^20180707^|^20190705^|^SCI^|^1694498^|^1694498^|^1694498^|^D
267^|^20160516^|^20960625^|^1694498^|^Vertriebsbeauftragte^|^VB^|^20180604^|^20190827^|^SCI^|^1694498^|^1694498^|^1694498^|^D
268^|^20160821^|^20960416^|^1694498^|^Vertriebsbeauftragte^|^VB^|^20180721^|^20190201^|^SCI^|^1694498^|^1694498^|^1694498^|^D
269^|^20160122^|^20920816^|^1694498^|^Vertriebsbeauftragte^|^VB^|^20180331^|^20190726^|^SCI^|^1694498^|^1694498^|^1694498^|^D
270^|^20170304^|^20961030^|^1694498^|^Vertriebsbeauftragte^|^VB^|^20180428^|^20191027^|^SCI^|^1694498^|^1694498^|^1694498^|^D
271^|^20140228^|^20990601^|^1694498^|^Vertriebsbeauftragte^|^VB^|^20181017^|^20191008^|^SCI^|^1694498^|^1694498^|^1694498^|^D
272^|^20120711^|^20920710^|^1694498^|^Vertriebsbeauftragte^|^VB^|^20181230^|^20190125^|^SCI^|^1694498^|^1694498^|^1694498^|^D
273^|^20161102^|^20990529^|^1694498^|^Vertriebsbeauftragte^|^VB^|^20180416^|^20190522^|^SCI^|^1694498^|^1694498^|^1694498^|^D
274^|^20120203^|^20921218^|^1694498^|^Vertriebsbeauftragte^|^VB^|^20180621^|^20190514^|^SCI^|^1694498^|^1694498^|^1694498^|^D
275^|^20160312^|^20980907^|^1694498^|^Vertriebsbeauftragte^|^VB^|^20180725^|^20190604^|^SCI^|^1694498^|^1694498^|^1694498^|^D
276^|^20150326^|^20940405^|^1694498^|^Vertriebsbeauftragte^|^VB^|^20180603^|^20190629^|^SCI^|^1694498^|^1694498^|^1694498^|^D
277^|^20130131^|^20970515^|^1694498^|^Vertriebsbeauftragte^|^VB^|^20180625^|^20190810^|^SCI^|^1694498^|^1694498^|^1694498^|^D
278^|^20140514^|^20990214^|^1694498^|^Vertriebsbeauftragte^|^VB^|^20180313^|^20190102^|^SCI^|^1694498^|^1694498^|^1694498^|^D
279^|^20120321^|^20931224^|^1694498^|^Vertriebsbeauftragte^|^VB^|^20180930^|^20191128^|^SCI^|^1694498^|^1694498^|^1694498^|^D
280^|^20120416^|^20921106^|^1694498^|^Vertriebsbeauftragte^|^VB^|^20180522^|^20190304^|^SCI^|^1694498^|^1694498^|^1694498^|^D
281^|^20161017^|^20930623^|^1694498^|^Vertriebsbeauftragte^|^VB^|^20180514^|^20190220^|^SCI^|^1694498^|^1694498^|^1694498^|^D
282^|^20150303^|^20920331^|^1694498^|^Vertriebsbeauftragte^|^VB^|^20180930^|^20190224^|^SCI^|^1694498^|^1694498^|^1694498^|^D
283^|^20131128^|^20960930^|^1694498^|^Vertriebsbeauftragte^|^VB^|^20180813^|^20190224^|^SCI^|^1694498^|^1694498^|^1694498^|^D
284^|^20110827^|^20930108^|^1694498^|^Vertriebsbeauftragte^|^VB^|^20180916^|^20190807^|^SCI^|^1694498^|^1694498^|^1694498^|^D
285^|^20150122^|^20931216^|^1694498^|^Vertriebsbeauftragte^|^VB^|^20180103^|^20191217^|^SCI^|^1694498^|^1694498^|^1694498^|^D
286^|^20160118^|^20911203^|^1694498^|^Vertriebsbeauftragte^|^VB^|^20180118^|^20190920^|^SCI^|^1694498^|^1694498^|^1694498^|^D
287^|^20110817^|^20910225^|^1694498^|^Vertriebsbeauftragte^|^VB^|^20180513^|^20190809^|^SCI^|^1694498^|^1694498^|^1694498^|^D
288^|^20110113^|^20921010^|^1694498^|^Vertriebsbeauftragte^|^VB^|^20180216^|^20190610^|^SCI^|^1694498^|^1694498^|^1694498^|^D
289^|^20120707^|^20911130^|^1694498^|^Vertriebsbeauftragte^|^VB^|^20180720^|^20190215^|^SCI^|^1694498^|^1694498^|^1694498^|^D
290^|^20130108^|^20980923^|^1694498^|^Vertriebsbeauftragte^|^VB^|^20180807^|^20190519^|^SCI^|^1694498^|^1694498^|^1694498^|^D
291^|^20150209^|^20971003^|^1694498^|^Vertriebsbeauftragte^|^VB^|^20180112^|^20190727^|^SCI^|^1694498^|^1694498^|^1694498^|^D
292^|^20120510^|^20950119^|^1694498^|^Vertriebsbeauftragte^|^VB^|^20180513^|^20191103^|^SCI^|^1694498^|^1694498^|^1694498^|^D
293^|^20110609^|^20991118^|^1694498^|^Vertriebsbeauftragte^|^VB^|^20180404^|^20191212^|^SCI^|^1694498^|^1694498^|^1694498^|^D
294^|^20170627^|^20910803^|^1694498^|^Vertriebsbeauftragte^|^VB^|^20180514^|^20190810^|^SCI^|^1694498^|^1694498^|^1694498^|^D
295^|^20161218^|^20971019^|^1694498^|^Vertriebsbeauftragte^|^VB^|^20180117^|^20190604^|^SCI^|^1694498^|^1694498^|^1694498^|^D
296^|^20120327^|^20950224^|^1694498^|^Vertriebsbeauftragte^|^VB^|^20181113^|^20191001^|^SCI^|^1694498^|^1694498^|^1694498^|^D
297^|^20170313^|^20990401^|^1694498^|^Vertriebsbeauftragte^|^VB^|^20180725^|^20190717^|^SCI^|^1694498^|^1694498^|^1694498^|^D
298^|^20160713^|^20960309^|^1694498^|^Vertriebsbeauftragte^|^VB^|^20181222^|^20191014^|^SCI^|^1694498^|^1694498^|^1694498^|^D
299^|^20170122^|^20990208^|^1694498^|^Vertriebsbeauftragte^|^VB^|^20181111^|^20190602^|^SCI^|^1694498^|^1694498^|^1694498^|^D
300^|^20151022^|^20920729^|^1694498^|^Vertriebsbeauftragte^|^VB^|^20180920^|^20191205^|^SCI^|^1694498^|^1694498^|^1694498^|^D
301^|^20170810^|^20971017^|^1694498^|^Vertriebsbeauftragte^|^VB^|^20180517^|^20190106^|^SCI^|^1694498^|^1694498^|^1694498^|^D
302^|^20150514^|^20990517^|^1694498^|^Vertriebsbeauftragte^|^VB^|^20181104^|^20190110^|^SCI^|^1694498^|^1694498^|^1694498^|^D
303^|^20140407^|^20950102^|^1694498^|^Vertriebsbeauftragte^|^VB^|^20181121^|^20190404^|^SCI^|^1694498^|^1694498^|^1694498^|^D
304^|^20170514^|^20940206^|^1694498^|^Vertriebsbeauftragte^|^VB^|^20180602^|^20191027^|^SCI^|^1694498^|^1694498^|^1694498^|^D
305^|^20120422^|^20971008^|^1694498^|^Vertriebsbeauftragte^|^VB^|^20180531^|^20190626^|^SCI^|^1694498^|^1694498^|^1694498^|^D
306^|^20150328^|^20951017^|^1694498^|^Vertriebsbeauftragte^|^VB^|^20180927^|^20191003^|^SCI^|^1694498^|^1694498^|^1694498^|^D
307^|^20121103^|^20951124^|^1694498^|^Vertriebsbeauftragte^|^VB^|^20181024^|^20190709^|^SCI^|^1694498^|^1694498^|^1694498^|^D
308^|^20170702^|^20990922^|^1694498^|^Vertriebsbeauftragte^|^VB^|^20180420^|^20190514^|^SCI^|^1694498^|^1694498^|^1694498^|^D
309^|^20110309^|^20941204^|^1694498^|^Vertriebsbeauftragte^|^VB^|^20181004^|^20190114^|^SCI^|^1694498^|^1694498^|^1694498^|^D
310^|^20160115^|^20920503^|^1694498^|^Vertriebsbeauftragte^|^VB^|^20181029^|^20191219^|^SCI^|^1694498^|^1694498^|^1694498^|^D
311^|^20150817^|^20980707^|^1694498^|^Vertriebsbeauftragte^|^VB^|^20180330^|^20191125^|^SCI^|^1694498^|^1694498^|^1694498^|^D
312^|^20141007^|^20910223^|^1694498^|^Vertriebsbeauftragte^|^VB^|^20180327^|^20190207^|^SCI^|^1694498^|^1694498^|^1694498^|^D
313^|^20150303^|^20910611^|^1694498^|^Vertriebsbeauftragte^|^VB^|^20180609^|^20191215^|^SCI^|^1694498^|^1694498^|^1694498^|^D
314^|^20140330^|^20940911^|^1694498^|^Vertriebsbeauftragte^|^VB^|^20180805^|^20190611^|^SCI^|^1694498^|^1694498^|^1694498^|^D
315^|^20140901^|^20990820^|^1694498^|^Vertriebsbeauftragte^|^VB^|^20181103^|^20191129^|^SCI^|^1694498^|^1694498^|^1694498^|^D
316^|^20140716^|^20950728^|^1694498^|^Vertriebsbeauftragte^|^VB^|^20181206^|^20190723^|^SCI^|^1694498^|^1694498^|^1694498^|^D
317^|^20110821^|^20941017^|^1694498^|^Vertriebsbeauftragte^|^VB^|^20180813^|^20190629^|^SCI^|^1694498^|^1694498^|^1694498^|^D
318^|^20160708^|^20990710^|^1694498^|^Vertriebsbeauftragte^|^VB^|^20181204^|^20190425^|^SCI^|^1694498^|^1694498^|^1694498^|^D
319^|^20120610^|^20910127^|^1694498^|^Vertriebsbeauftragte^|^VB^|^20180819^|^20190805^|^SCI^|^1694498^|^1694498^|^1694498^|^D
320^|^20111123^|^20950114^|^1694498^|^Vertriebsbeauftragte^|^VB^|^20180103^|^20191224^|^SCI^|^1694498^|^1694498^|^1694498^|^D
321^|^20120913^|^20950227^|^1694498^|^Vertriebsbeauftragte^|^VB^|^20181009^|^20191220^|^SCI^|^1694498^|^1694498^|^1694498^|^D
322^|^20121118^|^20940520^|^1694498^|^Vertriebsbeauftragte^|^VB^|^20181219^|^20190403^|^SCI^|^1694498^|^1694498^|^1694498^|^D
323^|^20120401^|^20920413^|^1694498^|^Vertriebsbeauftragte^|^VB^|^20180110^|^20191112^|^SCI^|^1694498^|^1694498^|^1694498^|^D
324^|^20151205^|^20990507^|^1694498^|^Vertriebsbeauftragte^|^VB^|^20181014^|^20190613^|^SCI^|^1694498^|^1694498^|^1694498^|^D
325^|^20141011^|^20960219^|^1694498^|^Vertriebsbeauftragte^|^VB^|^20180320^|^20191116^|^SCI^|^1694498^|^1694498^|^1694498^|^D
326^|^20130105^|^20920113^|^1694498^|^Vertriebsbeauftragte^|^VB^|^20180917^|^20191024^|^SCI^|^1694498^|^1694498^|^1694498^|^D
327^|^20170327^|^20901120^|^1694498^|^Vertriebsbeauftragte^|^VB^|^20180803^|^20191128^|^SCI^|^1694498^|^1694498^|^1694498^|^D
328^|^20171024^|^20981114^|^1694498^|^Vertriebsbeauftragte^|^VB^|^20180402^|^20191128^|^SCI^|^1694498^|^1694498^|^1694498^|^D
329^|^20151013^|^20911217^|^1694498^|^Vertriebsbeauftragte^|^VB^|^20181206^|^20191229^|^SCI^|^1694498^|^1694498^|^1694498^|^D
330^|^20140103^|^20940531^|^1694498^|^Vertriebsbeauftragte^|^VB^|^20180430^|^20191229^|^SCI^|^1694498^|^1694498^|^1694498^|^D
331^|^20141018^|^20960706^|^1694498^|^Vertriebsbeauftragte^|^VB^|^20180810^|^20190104^|^SCI^|^1694498^|^1694498^|^1694498^|^D
332^|^20140225^|^20920906^|^1694498^|^Vertriebsbeauftragte^|^VB^|^20181113^|^20190804^|^SCI^|^1694498^|^1694498^|^1694498^|^D
333^|^20130820^|^20910912^|^1694498^|^Vertriebsbeauftragte^|^VB^|^20180207^|^20190204^|^SCI^|^1694498^|^1694498^|^1694498^|^D
334^|^20171107^|^20980722^|^1694498^|^Vertriebsbeauftragte^|^VB^|^20180415^|^20191125^|^SCI^|^1694498^|^1694498^|^1694498^|^D
335^|^20110316^|^20930912^|^1694498^|^Vertriebsbeauftragte^|^VB^|^20181205^|^20190801^|^SCI^|^1694498^|^1694498^|^1694498^|^D
336^|^20170418^|^20940521^|^1694498^|^Vertriebsbeauftragte^|^VB^|^20180608^|^20190711^|^SCI^|^1694498^|^1694498^|^1694498^|^D
337^|^20121215^|^20940311^|^1694498^|^Vertriebsbeauftragte^|^VB^|^20180607^|^20191102^|^SCI^|^1694498^|^1694498^|^1694498^|^D
338^|^20130307^|^20980205^|^1694498^|^Vertriebsbeauftragte^|^VB^|^20180508^|^20191128^|^SCI^|^1694498^|^1694498^|^1694498^|^D
339^|^20171021^|^20910411^|^1694498^|^Vertriebsbeauftragte^|^VB^|^20180917^|^20190218^|^SCI^|^1694498^|^1694498^|^1694498^|^D
340^|^20160110^|^20960408^|^1694498^|^Vertriebsbeauftragte^|^VB^|^20181207^|^20190207^|^SCI^|^1694498^|^1694498^|^1694498^|^D
341^|^20170504^|^20911110^|^1694498^|^Vertriebsbeauftragte^|^VB^|^20180911^|^20190521^|^SCI^|^1694498^|^1694498^|^1694498^|^D
342^|^20160528^|^20910517^|^1694498^|^Vertriebsbeauftragte^|^VB^|^20180201^|^20191220^|^SCI^|^1694498^|^1694498^|^1694498^|^D
343^|^20111029^|^20981101^|^1694498^|^Vertriebsbeauftragte^|^VB^|^20180618^|^20190729^|^SCI^|^1694498^|^1694498^|^1694498^|^D
344^|^20170507^|^20910802^|^1694498^|^Vertriebsbeauftragte^|^VB^|^20180726^|^20191127^|^SCI^|^1694498^|^1694498^|^1694498^|^D
345^|^20130121^|^20980204^|^1694498^|^Vertriebsbeauftragte^|^VB^|^20181202^|^20190213^|^SCI^|^1694498^|^1694498^|^1694498^|^D
346^|^20160801^|^20930810^|^1694498^|^Vertriebsbeauftragte^|^VB^|^20181120^|^20190112^|^SCI^|^1694498^|^1694498^|^1694498^|^D
347^|^20161126^|^20911103^|^1694498^|^Vertriebsbeauftragte^|^VB^|^20181217^|^20190726^|^SCI^|^1694498^|^1694498^|^1694498^|^D
348^|^20170308^|^20960929^|^1694498^|^Vertriebsbeauftragte^|^VB^|^20181024^|^20191004^|^SCI^|^1694498^|^1694498^|^1694498^|^D
349^|^20140421^|^20920530^|^1694498^|^Vertriebsbeauftragte^|^VB^|^20180223^|^20191123^|^SCI^|^1694498^|^1694498^|^1694498^|^D
350^|^20110809^|^20920722^|^1694498^|^Vertriebsbeauftragte^|^VB^|^20180414^|^20190409^|^SCI^|^1694498^|^1694498^|^1694498^|^D
351^|^20150704^|^20990701^|^1694498^|^Vertriebsbeauftragte^|^VB^|^20180702^|^20190720^|^SCI^|^1694498^|^1694498^|^1694498^|^D
352^|^20140722^|^20941002^|^1694498^|^Vertriebsbeauftragte^|^VB^|^20181206^|^20190519^|^SCI^|^1694498^|^1694498^|^1694498^|^D
353^|^20160502^|^20960604^|^1694498^|^Vertriebsbeauftragte^|^VB^|^20181223^|^20190226^|^SCI^|^1694498^|^1694498^|^1694498^|^D
354^|^20140326^|^20911024^|^1694498^|^Vertriebsbeauftragte^|^VB^|^20181213^|^20190525^|^SCI^|^1694498^|^1694498^|^1694498^|^D
355^|^20110104^|^20951221^|^1694498^|^Vertriebsbeauftragte^|^VB^|^20180118^|^20190123^|^SCI^|^1694498^|^1694498^|^1694498^|^D
356^|^20160401^|^20970209^|^1694498^|^Vertriebsbeauftragte^|^VB^|^20180920^|^20191006^|^SCI^|^1694498^|^1694498^|^1694498^|^D
357^|^20140419^|^20940520^|^1694498^|^Vertriebsbeauftragte^|^VB^|^20180429^|^20190318^|^SCI^|^1694498^|^1694498^|^1694498^|^D
358^|^20140817^|^20920922^|^1694498^|^Vertriebsbeauftragte^|^VB^|^20180117^|^20190101^|^SCI^|^1694498^|^1694498^|^1694498^|^D
359^|^20140627^|^20920721^|^1694498^|^Vertriebsbeauftragte^|^VB^|^20180103^|^20190304^|^SCI^|^1694498^|^1694498^|^1694498^|^D
360^|^20170207^|^20970807^|^1694498^|^Vertriebsbeauftragte^|^VB^|^20180730^|^20191027^|^SCI^|^1694498^|^1694498^|^1694498^|^D
361^|^20140121^|^20950711^|^1694498^|^Vertriebsbeauftragte^|^VB^|^20180930^|^20191015^|^SCI^|^1694498^|^1694498^|^1694498^|^D
362^|^20151102^|^20980119^|^1694498^|^Vertriebsbeauftragte^|^VB^|^20180928^|^20191110^|^SCI^|^1694498^|^1694498^|^1694498^|^D
363^|^20141006^|^20951227^|^1694498^|^Vertriebsbeauftragte^|^VB^|^20180729^|^20190330^|^SCI^|^1694498^|^1694498^|^1694498^|^D
364^|^20140717^|^20951108^|^1694498^|^Vertriebsbeauftragte^|^VB^|^20181112^|^20190826^|^SCI^|^1694498^|^1694498^|^1694498^|^D
365^|^20170816^|^20930118^|^1694498^|^Vertriebsbeauftragte^|^VB^|^20180425^|^20190721^|^SCI^|^1694498^|^1694498^|^1694498^|^D
366^|^20120720^|^20940418^|^1694498^|^Vertriebsbeauftragte^|^VB^|^20181105^|^20190531^|^SCI^|^1694498^|^1694498^|^1694498^|^D
367^|^20150820^|^20980310^|^1694498^|^Vertriebsbeauftragte^|^VB^|^20181204^|^20190314^|^SCI^|^1694498^|^1694498^|^1694498^|^D
368^|^20160919^|^20981214^|^1694498^|^Vertriebsbeauftragte^|^VB^|^20181104^|^20190901^|^SCI^|^1694498^|^1694498^|^1694498^|^D
369^|^20170929^|^20970809^|^1694498^|^Vertriebsbeauftragte^|^VB^|^20180114^|^20190809^|^SCI^|^1694498^|^1694498^|^1694498^|^D
370^|^20161203^|^20940217^|^1694498^|^Vertriebsbeauftragte^|^VB^|^20180716^|^20190213^|^SCI^|^1694498^|^1694498^|^1694498^|^D
371^|^20170125^|^20951125^|^1694498^|^Vertriebsbeauftragte^|^VB^|^20180215^|^20190505^|^SCI^|^1694498^|^1694498^|^1694498^|^D
372^|^20110620^|^20940401^|^1694498^|^Vertriebsbeauftragte^|^VB^|^20180326^|^20190216^|^SCI^|^1694498^|^1694498^|^1694498^|^D
373^|^20170210^|^20940714^|^1694498^|^Vertriebsbeauftragte^|^VB^|^20181208^|^20190928^|^SCI^|^1694498^|^1694498^|^1694498^|^D
374^|^20140119^|^20930124^|^1694498^|^Vertriebsbeauftragte^|^VB^|^20180613^|^20190814^|^SCI^|^1694498^|^1694498^|^1694498^|^D
375^|^20120816^|^20920226^|^1694498^|^Vertriebsbeauftragte^|^VB^|^20180312^|^20190401^|^SCI^|^1694498^|^1694498^|^1694498^|^D
376^|^20140523^|^20930303^|^1694498^|^Vertriebsbeauftragte^|^VB^|^20180514^|^20190709^|^SCI^|^1694498^|^1694498^|^1694498^|^D
377^|^20110425^|^20920418^|^1694498^|^Vertriebsbeauftragte^|^VB^|^20180802^|^20190428^|^SCI^|^1694498^|^1694498^|^1694498^|^D
378^|^20170630^|^20970331^|^1694498^|^Vertriebsbeauftragte^|^VB^|^20180527^|^20190723^|^SCI^|^1694498^|^1694498^|^1694498^|^D
379^|^20160725^|^20931026^|^1694498^|^Vertriebsbeauftragte^|^VB^|^20180630^|^20190815^|^SCI^|^1694498^|^1694498^|^1694498^|^D
380^|^20150414^|^20990819^|^1694498^|^Vertriebsbeauftragte^|^VB^|^20181105^|^20190714^|^SCI^|^1694498^|^1694498^|^1694498^|^D
381^|^20140405^|^20941005^|^1694498^|^Vertriebsbeauftragte^|^VB^|^20181214^|^20190823^|^SCI^|^1694498^|^1694498^|^1694498^|^D
382^|^20110216^|^20960727^|^1694498^|^Vertriebsbeauftragte^|^VB^|^20181104^|^20190908^|^SCI^|^1694498^|^1694498^|^1694498^|^D
383^|^20160726^|^20940818^|^1694498^|^Vertriebsbeauftragte^|^VB^|^20180307^|^20190110^|^SCI^|^1694498^|^1694498^|^1694498^|^D
384^|^20110504^|^20970222^|^1694498^|^Vertriebsbeauftragte^|^VB^|^20180303^|^20190501^|^SCI^|^1694498^|^1694498^|^1694498^|^D
385^|^20140308^|^20990325^|^1694498^|^Vertriebsbeauftragte^|^VB^|^20180111^|^20190814^|^SCI^|^1694498^|^1694498^|^1694498^|^D
386^|^20130208^|^20980928^|^1694498^|^Vertriebsbeauftragte^|^VB^|^20180602^|^20190131^|^SCI^|^1694498^|^1694498^|^1694498^|^D
387^|^20160325^|^20970511^|^1694498^|^Vertriebsbeauftragte^|^VB^|^20181115^|^20190209^|^SCI^|^1694498^|^1694498^|^1694498^|^D
388^|^20160329^|^20980408^|^1694498^|^Vertriebsbeauftragte^|^VB^|^20180213^|^20190420^|^SCI^|^1694498^|^1694498^|^1694498^|^D
389^|^20170223^|^20951219^|^1694498^|^Vertriebsbeauftragte^|^VB^|^20181017^|^20190915^|^SCI^|^1694498^|^1694498^|^1694498^|^D
390^|^20110814^|^20940524^|^1694498^|^Vertriebsbeauftragte^|^VB^|^20180305^|^20191229^|^SCI^|^1694498^|^1694498^|^1694498^|^D
391^|^20120716^|^20990710^|^1694498^|^Vertriebsbeauftragte^|^VB^|^20180121^|^20190124^|^SCI^|^1694498^|^1694498^|^1694498^|^D
392^|^20110813^|^20950313^|^1694498^|^Vertriebsbeauftragte^|^VB^|^20180311^|^20191024^|^SCI^|^1694498^|^1694498^|^1694498^|^D
393^|^20150210^|^20930907^|^1694498^|^Vertriebsbeauftragte^|^VB^|^20181119^|^20191016^|^SCI^|^1694498^|^1694498^|^1694498^|^D
394^|^20170905^|^20980608^|^1694498^|^Vertriebsbeauftragte^|^VB^|^20180725^|^20190826^|^SCI^|^1694498^|^1694498^|^1694498^|^D
395^|^20170513^|^20940925^|^1694498^|^Vertriebsbeauftragte^|^VB^|^20180321^|^20190711^|^SCI^|^1694498^|^1694498^|^1694498^|^D
396^|^20120930^|^20981020^|^1694498^|^Vertriebsbeauftragte^|^VB^|^20180329^|^20190919^|^SCI^|^1694498^|^1694498^|^1694498^|^D
397^|^20150426^|^20960320^|^1694498^|^Vertriebsbeauftragte^|^VB^|^20181105^|^20190930^|^SCI^|^1694498^|^1694498^|^1694498^|^D
398^|^20150802^|^20961109^|^1694498^|^Vertriebsbeauftragte^|^VB^|^20180918^|^20190205^|^SCI^|^1694498^|^1694498^|^1694498^|^D
399^|^20140221^|^20960429^|^1694498^|^Vertriebsbeauftragte^|^VB^|^20180329^|^20190324^|^SCI^|^1694498^|^1694498^|^1694498^|^D
400^|^20170724^|^20911115^|^1694498^|^Vertriebsbeauftragte^|^VB^|^20181225^|^20191105^|^SCI^|^1694498^|^1694498^|^1694498^|^D
401^|^20150731^|^20970623^|^1694498^|^Vertriebsbeauftragte^|^VB^|^20180823^|^20190526^|^SCI^|^1694498^|^1694498^|^1694498^|^D
402^|^20170131^|^20980830^|^1694498^|^Vertriebsbeauftragte^|^VB^|^20181128^|^20190426^|^SCI^|^1694498^|^1694498^|^1694498^|^D
403^|^20110620^|^20910519^|^1694498^|^Vertriebsbeauftragte^|^VB^|^20180327^|^20190522^|^SCI^|^1694498^|^1694498^|^1694498^|^D
404^|^20150208^|^20940114^|^1694498^|^Vertriebsbeauftragte^|^VB^|^20181128^|^20190128^|^SCI^|^1694498^|^1694498^|^1694498^|^D
405^|^20131028^|^20910306^|^1694498^|^Vertriebsbeauftragte^|^VB^|^20180723^|^20190727^|^SCI^|^1694498^|^1694498^|^1694498^|^D
406^|^20110124^|^20911016^|^1694498^|^Vertriebsbeauftragte^|^VB^|^20181214^|^20190409^|^SCI^|^1694498^|^1694498^|^1694498^|^D
407^|^20120830^|^20980610^|^1694498^|^Vertriebsbeauftragte^|^VB^|^20180818^|^20190922^|^SCI^|^1694498^|^1694498^|^1694498^|^D
408^|^20111003^|^20921114^|^1694498^|^Vertriebsbeauftragte^|^VB^|^20181203^|^20191104^|^SCI^|^1694498^|^1694498^|^1694498^|^D
409^|^20170303^|^20940203^|^1694498^|^Vertriebsbeauftragte^|^VB^|^20180306^|^20190508^|^SCI^|^1694498^|^1694498^|^1694498^|^D
410^|^20140429^|^20920403^|^1694498^|^Vertriebsbeauftragte^|^VB^|^20181211^|^20191012^|^SCI^|^1694498^|^1694498^|^1694498^|^D
411^|^20170815^|^20970330^|^1694498^|^Vertriebsbeauftragte^|^VB^|^20180721^|^20190306^|^SCI^|^1694498^|^1694498^|^1694498^|^D
412^|^20160719^|^20990425^|^1694498^|^Vertriebsbeauftragte^|^VB^|^20181218^|^20191019^|^SCI^|^1694498^|^1694498^|^1694498^|^D
413^|^20130521^|^20990908^|^1694498^|^Vertriebsbeauftragte^|^VB^|^20180907^|^20191026^|^SCI^|^1694498^|^1694498^|^1694498^|^D
414^|^20160401^|^20970108^|^1694498^|^Vertriebsbeauftragte^|^VB^|^20180426^|^20190205^|^SCI^|^1694498^|^1694498^|^1694498^|^D
415^|^20170813^|^20910124^|^1694498^|^Vertriebsbeauftragte^|^VB^|^20180104^|^20190618^|^SCI^|^1694498^|^1694498^|^1694498^|^D
416^|^20141204^|^20991022^|^1694498^|^Vertriebsbeauftragte^|^VB^|^20180104^|^20190313^|^SCI^|^1694498^|^1694498^|^1694498^|^D
417^|^20170721^|^20910422^|^1694498^|^Vertriebsbeauftragte^|^VB^|^20180313^|^20190425^|^SCI^|^1694498^|^1694498^|^1694498^|^D
418^|^20120302^|^20920625^|^1694498^|^Vertriebsbeauftragte^|^VB^|^20180617^|^20190118^|^SCI^|^1694498^|^1694498^|^1694498^|^D
419^|^20140603^|^20920718^|^1694498^|^Vertriebsbeauftragte^|^VB^|^20180420^|^20190829^|^SCI^|^1694498^|^1694498^|^1694498^|^D
420^|^20160114^|^20941203^|^1694498^|^Vertriebsbeauftragte^|^VB^|^20180204^|^20190607^|^SCI^|^1694498^|^1694498^|^1694498^|^D
421^|^20130831^|^20920909^|^1694498^|^Vertriebsbeauftragte^|^VB^|^20180325^|^20190721^|^SCI^|^1694498^|^1694498^|^1694498^|^D
422^|^20160424^|^20980313^|^1694498^|^Vertriebsbeauftragte^|^VB^|^20180913^|^20190623^|^SCI^|^1694498^|^1694498^|^1694498^|^D
423^|^20130126^|^20940424^|^1694498^|^Vertriebsbeauftragte^|^VB^|^20180223^|^20191111^|^SCI^|^1694498^|^1694498^|^1694498^|^D
424^|^20150905^|^20971219^|^1694498^|^Vertriebsbeauftragte^|^VB^|^20181007^|^20191130^|^SCI^|^1694498^|^1694498^|^1694498^|^D
425^|^20171015^|^20970220^|^1694498^|^Vertriebsbeauftragte^|^VB^|^20181217^|^20190126^|^SCI^|^1694498^|^1694498^|^1694498^|^D
426^|^20120514^|^20970213^|^1694498^|^Vertriebsbeauftragte^|^VB^|^20181103^|^20191026^|^SCI^|^1694498^|^1694498^|^1694498^|^D
427^|^20170114^|^20951223^|^1694498^|^Vertriebsbeauftragte^|^VB^|^20181215^|^20191129^|^SCI^|^1694498^|^1694498^|^1694498^|^D
428^|^20140203^|^20981011^|^1694498^|^Vertriebsbeauftragte^|^VB^|^20180814^|^20190921^|^SCI^|^1694498^|^1694498^|^1694498^|^D
429^|^20170331^|^20990113^|^1694498^|^Vertriebsbeauftragte^|^VB^|^20180517^|^20190324^|^SCI^|^1694498^|^1694498^|^1694498^|^D
430^|^20110409^|^20931224^|^1694498^|^Vertriebsbeauftragte^|^VB^|^20180911^|^20190327^|^SCI^|^1694498^|^1694498^|^1694498^|^D
431^|^20170915^|^20971030^|^1694498^|^Vertriebsbeauftragte^|^VB^|^20180817^|^20190708^|^SCI^|^1694498^|^1694498^|^1694498^|^D
432^|^20130627^|^20921228^|^1694498^|^Vertriebsbeauftragte^|^VB^|^20180302^|^20190721^|^SCI^|^1694498^|^1694498^|^1694498^|^D
433^|^20170630^|^20990515^|^1694498^|^Vertriebsbeauftragte^|^VB^|^20180601^|^20191027^|^SCI^|^1694498^|^1694498^|^1694498^|^D
434^|^20170322^|^20950408^|^1694498^|^Vertriebsbeauftragte^|^VB^|^20180217^|^20191129^|^SCI^|^1694498^|^1694498^|^1694498^|^D
435^|^20170802^|^20921112^|^1694498^|^Vertriebsbeauftragte^|^VB^|^20180102^|^20190328^|^SCI^|^1694498^|^1694498^|^1694498^|^D
436^|^20140708^|^20940219^|^1694498^|^Vertriebsbeauftragte^|^VB^|^20180715^|^20191207^|^SCI^|^1694498^|^1694498^|^1694498^|^D
437^|^20130525^|^20940503^|^1694498^|^Vertriebsbeauftragte^|^VB^|^20180410^|^20191228^|^SCI^|^1694498^|^1694498^|^1694498^|^D
438^|^20110720^|^20951220^|^1694498^|^Vertriebsbeauftragte^|^VB^|^20180128^|^20190103^|^SCI^|^1694498^|^1694498^|^1694498^|^D
439^|^20110502^|^20951102^|^1694498^|^Vertriebsbeauftragte^|^VB^|^20181221^|^20190705^|^SCI^|^1694498^|^1694498^|^1694498^|^D
440^|^20121002^|^20940830^|^1694498^|^Vertriebsbeauftragte^|^VB^|^20180511^|^20190603^|^SCI^|^1694498^|^1694498^|^1694498^|^D
441^|^20110328^|^20960111^|^1694498^|^Vertriebsbeauftragte^|^VB^|^20180515^|^20191216^|^SCI^|^1694498^|^1694498^|^1694498^|^D
442^|^20161125^|^20981009^|^1694498^|^Vertriebsbeauftragte^|^VB^|^20180307^|^20191209^|^SCI^|^1694498^|^1694498^|^1694498^|^D
443^|^20170927^|^20970429^|^1694498^|^Vertriebsbeauftragte^|^VB^|^20180925^|^20190827^|^SCI^|^1694498^|^1694498^|^1694498^|^D
444^|^20120630^|^20960923^|^1694498^|^Vertriebsbeauftragte^|^VB^|^20181206^|^20190112^|^SCI^|^1694498^|^1694498^|^1694498^|^D
445^|^20140723^|^20991118^|^1694498^|^Vertriebsbeauftragte^|^VB^|^20180204^|^20190730^|^SCI^|^1694498^|^1694498^|^1694498^|^D
446^|^20120114^|^20961021^|^1694498^|^Vertriebsbeauftragte^|^VB^|^20180905^|^20190710^|^SCI^|^1694498^|^1694498^|^1694498^|^D
447^|^20160128^|^20980902^|^1694498^|^Vertriebsbeauftragte^|^VB^|^20180612^|^20190810^|^SCI^|^1694498^|^1694498^|^1694498^|^D
448^|^20160308^|^20960305^|^1694498^|^Vertriebsbeauftragte^|^VB^|^20180908^|^20190221^|^SCI^|^1694498^|^1694498^|^1694498^|^D
449^|^20150821^|^20950313^|^1694498^|^Vertriebsbeauftragte^|^VB^|^20180805^|^20190317^|^SCI^|^1694498^|^1694498^|^1694498^|^D
450^|^20111110^|^20970814^|^1694498^|^Vertriebsbeauftragte^|^VB^|^20180729^|^20190628^|^SCI^|^1694498^|^1694498^|^1694498^|^D
451^|^20150421^|^20971207^|^1694498^|^Vertriebsbeauftragte^|^VB^|^20180113^|^20190605^|^SCI^|^1694498^|^1694498^|^1694498^|^D
452^|^20110518^|^20951103^|^1694498^|^Vertriebsbeauftragte^|^VB^|^20181016^|^20190921^|^SCI^|^1694498^|^1694498^|^1694498^|^D
453^|^20140926^|^20990727^|^1694498^|^Vertriebsbeauftragte^|^VB^|^20181103^|^20190622^|^SCI^|^1694498^|^1694498^|^1694498^|^D
454^|^20160322^|^20980703^|^1694498^|^Vertriebsbeauftragte^|^VB^|^20181115^|^20190601^|^SCI^|^1694498^|^1694498^|^1694498^|^D
455^|^20131208^|^20920328^|^1694498^|^Vertriebsbeauftragte^|^VB^|^20181002^|^20190804^|^SCI^|^1694498^|^1694498^|^1694498^|^D
456^|^20110319^|^20950412^|^1694498^|^Vertriebsbeauftragte^|^VB^|^20181219^|^20190202^|^SCI^|^1694498^|^1694498^|^1694498^|^D
457^|^20151228^|^20930522^|^1694498^|^Vertriebsbeauftragte^|^VB^|^20180227^|^20190726^|^SCI^|^1694498^|^1694498^|^1694498^|^D
458^|^20130824^|^20940314^|^1694498^|^Vertriebsbeauftragte^|^VB^|^20180420^|^20191122^|^SCI^|^1694498^|^1694498^|^1694498^|^D
459^|^20150418^|^20980508^|^1694498^|^Vertriebsbeauftragte^|^VB^|^20181203^|^20190704^|^SCI^|^1694498^|^1694498^|^1694498^|^D
460^|^20110630^|^20950805^|^1694498^|^Vertriebsbeauftragte^|^VB^|^20180202^|^20190129^|^SCI^|^1694498^|^1694498^|^1694498^|^D
461^|^20171026^|^20910910^|^1694498^|^Vertriebsbeauftragte^|^VB^|^20180220^|^20191014^|^SCI^|^1694498^|^1694498^|^1694498^|^D
462^|^20141220^|^20930614^|^1694498^|^Vertriebsbeauftragte^|^VB^|^20180708^|^20191130^|^SCI^|^1694498^|^1694498^|^1694498^|^D
463^|^20150330^|^20970113^|^1694498^|^Vertriebsbeauftragte^|^VB^|^20180215^|^20190914^|^SCI^|^1694498^|^1694498^|^1694498^|^D
464^|^20120927^|^20960808^|^1694498^|^Vertriebsbeauftragte^|^VB^|^20180712^|^20190129^|^SCI^|^1694498^|^1694498^|^1694498^|^D
465^|^20120408^|^20980327^|^1694498^|^Vertriebsbeauftragte^|^VB^|^20180926^|^20190116^|^SCI^|^1694498^|^1694498^|^1694498^|^D
466^|^20140724^|^20910328^|^1694498^|^Vertriebsbeauftragte^|^VB^|^20180525^|^20191008^|^SCI^|^1694498^|^1694498^|^1694498^|^D
467^|^20140502^|^20920301^|^1694498^|^Vertriebsbeauftragte^|^VB^|^20181113^|^20190922^|^SCI^|^1694498^|^1694498^|^1694498^|^D
468^|^20140209^|^20930722^|^1694498^|^Vertriebsbeauftragte^|^VB^|^20180324^|^20190915^|^SCI^|^1694498^|^1694498^|^1694498^|^D
469^|^20150912^|^20931206^|^1694498^|^Vertriebsbeauftragte^|^VB^|^20180426^|^20191221^|^SCI^|^1694498^|^1694498^|^1694498^|^D
470^|^20110613^|^20961212^|^1694498^|^Vertriebsbeauftragte^|^VB^|^20180623^|^20190216^|^SCI^|^1694498^|^1694498^|^1694498^|^D
471^|^20151217^|^20940416^|^1694498^|^Vertriebsbeauftragte^|^VB^|^20180412^|^20191205^|^SCI^|^1694498^|^1694498^|^1694498^|^D
472^|^20170203^|^20941217^|^1694498^|^Vertriebsbeauftragte^|^VB^|^20181223^|^20190710^|^SCI^|^1694498^|^1694498^|^1694498^|^D
473^|^20170707^|^20920704^|^1694498^|^Vertriebsbeauftragte^|^VB^|^20180726^|^20190506^|^SCI^|^1694498^|^1694498^|^1694498^|^D
474^|^20161209^|^20980519^|^1694498^|^Vertriebsbeauftragte^|^VB^|^20180622^|^20190524^|^SCI^|^1694498^|^1694498^|^1694498^|^D
475^|^20121106^|^20950510^|^1694498^|^Vertriebsbeauftragte^|^VB^|^20181214^|^20190316^|^SCI^|^1694498^|^1694498^|^1694498^|^D
476^|^20150420^|^20960228^|^1694498^|^Vertriebsbeauftragte^|^VB^|^20180928^|^20190630^|^SCI^|^1694498^|^1694498^|^1694498^|^D
477^|^20101226^|^20960124^|^1694498^|^Vertriebsbeauftragte^|^VB^|^20180703^|^20190515^|^SCI^|^1694498^|^1694498^|^1694498^|^D
478^|^20120221^|^20930327^|^1694498^|^Vertriebsbeauftragte^|^VB^|^20181215^|^20190428^|^SCI^|^1694498^|^1694498^|^1694498^|^D
479^|^20120104^|^20970621^|^1694498^|^Vertriebsbeauftragte^|^VB^|^20180225^|^20190808^|^SCI^|^1694498^|^1694498^|^1694498^|^D
480^|^20111124^|^20911201^|^1694498^|^Vertriebsbeauftragte^|^VB^|^20180227^|^20190810^|^SCI^|^1694498^|^1694498^|^1694498^|^D
481^|^20130612^|^20960928^|^1694498^|^Vertriebsbeauftragte^|^VB^|^20181015^|^20191129^|^SCI^|^1694498^|^1694498^|^1694498^|^D
482^|^20151210^|^20931116^|^1694498^|^Vertriebsbeauftragte^|^VB^|^20180127^|^20191016^|^SCI^|^1694498^|^1694498^|^1694498^|^D
483^|^20140126^|^20930706^|^1694498^|^Vertriebsbeauftragte^|^VB^|^20180619^|^20190929^|^SCI^|^1694498^|^1694498^|^1694498^|^D
484^|^20150703^|^20960820^|^1694498^|^Vertriebsbeauftragte^|^VB^|^20180912^|^20190916^|^SCI^|^1694498^|^1694498^|^1694498^|^D
485^|^20150416^|^20940208^|^1694498^|^Vertriebsbeauftragte^|^VB^|^20180718^|^20190713^|^SCI^|^1694498^|^1694498^|^1694498^|^D
486^|^20120924^|^20950903^|^1694498^|^Vertriebsbeauftragte^|^VB^|^20180622^|^20190306^|^SCI^|^1694498^|^1694498^|^1694498^|^D
487^|^20130125^|^20950302^|^1694498^|^Vertriebsbeauftragte^|^VB^|^20180821^|^20190529^|^SCI^|^1694498^|^1694498^|^1694498^|^D
488^|^20110228^|^20970325^|^1694498^|^Vertriebsbeauftragte^|^VB^|^20180815^|^20190806^|^SCI^|^1694498^|^1694498^|^1694498^|^D
489^|^20120915^|^20981205^|^1694498^|^Vertriebsbeauftragte^|^VB^|^20180503^|^20190627^|^SCI^|^1694498^|^1694498^|^1694498^|^D
490^|^20160214^|^20990905^|^1694498^|^Vertriebsbeauftragte^|^VB^|^20180502^|^20190314^|^SCI^|^1694498^|^1694498^|^1694498^|^D
491^|^20110506^|^20971007^|^1694498^|^Vertriebsbeauftragte^|^VB^|^20180728^|^20190816^|^SCI^|^1694498^|^1694498^|^1694498^|^D
492^|^20170911^|^20961021^|^1694498^|^Vertriebsbeauftragte^|^VB^|^20181026^|^20191204^|^SCI^|^1694498^|^1694498^|^1694498^|^D
493^|^20151224^|^20961001^|^1694498^|^Vertriebsbeauftragte^|^VB^|^20180818^|^20190614^|^SCI^|^1694498^|^1694498^|^1694498^|^D
494^|^20160312^|^20980604^|^1694498^|^Vertriebsbeauftragte^|^VB^|^20180315^|^20190503^|^SCI^|^1694498^|^1694498^|^1694498^|^D
495^|^20170217^|^20910705^|^1694498^|^Vertriebsbeauftragte^|^VB^|^20180803^|^20190907^|^SCI^|^1694498^|^1694498^|^1694498^|^D
496^|^20150516^|^20960213^|^1694498^|^Vertriebsbeauftragte^|^VB^|^20180813^|^20191031^|^SCI^|^1694498^|^1694498^|^1694498^|^D
497^|^20130613^|^20980728^|^1694498^|^Vertriebsbeauftragte^|^VB^|^20181010^|^20190725^|^SCI^|^1694498^|^1694498^|^1694498^|^D
498^|^20120228^|^20950201^|^1694498^|^Vertriebsbeauftragte^|^VB^|^20180606^|^20190711^|^SCI^|^1694498^|^1694498^|^1694498^|^D
499^|^20121122^|^20960827^|^1694498^|^Vertriebsbeauftragte^|^VB^|^20180129^|^20190915^|^SCI^|^1694498^|^1694498^|^1694498^|^D
500^|^20160306^|^20920524^|^1694498^|^Vertriebsbeauftragte^|^VB^|^20180918^|^20191026^|^SCI^|^1694498^|^1694498^|^1694498^|^D
501^|^20120616^|^20901219^|^1694498^|^Vertriebsbeauftragte^|^VB^|^20180515^|^20191116^|^SCI^|^1694498^|^1694498^|^1694498^|^D
502^|^20160326^|^20960729^|^1694498^|^Vertriebsbeauftragte^|^VB^|^20180211^|^20190111^|^SCI^|^1694498^|^1694498^|^1694498^|^D
503^|^20140915^|^20950713^|^1694498^|^Vertriebsbeauftragte^|^VB^|^20180129^|^20191211^|^SCI^|^1694498^|^1694498^|^1694498^|^D
504^|^20150909^|^20991115^|^1694498^|^Vertriebsbeauftragte^|^VB^|^20180329^|^20191101^|^SCI^|^1694498^|^1694498^|^1694498^|^D
505^|^20160729^|^20991021^|^1694498^|^Vertriebsbeauftragte^|^VB^|^20181009^|^20190301^|^SCI^|^1694498^|^1694498^|^1694498^|^D
506^|^20160406^|^20921125^|^1694498^|^Vertriebsbeauftragte^|^VB^|^20180110^|^20191004^|^SCI^|^1694498^|^1694498^|^1694498^|^D
507^|^20121028^|^20931106^|^1694498^|^Vertriebsbeauftragte^|^VB^|^20180529^|^20190501^|^SCI^|^1694498^|^1694498^|^1694498^|^D
508^|^20111114^|^20931004^|^1694498^|^Vertriebsbeauftragte^|^VB^|^20180629^|^20191217^|^SCI^|^1694498^|^1694498^|^1694498^|^D
509^|^20150611^|^20921115^|^1694498^|^Vertriebsbeauftragte^|^VB^|^20180103^|^20190313^|^SCI^|^1694498^|^1694498^|^1694498^|^D
510^|^20151111^|^20951125^|^1694498^|^Vertriebsbeauftragte^|^VB^|^20180306^|^20190822^|^SCI^|^1694498^|^1694498^|^1694498^|^D
511^|^20160208^|^20951123^|^1694498^|^Vertriebsbeauftragte^|^VB^|^20180503^|^20190824^|^SCI^|^1694498^|^1694498^|^1694498^|^D
512^|^20150218^|^20950327^|^1694498^|^Vertriebsbeauftragte^|^VB^|^20180602^|^20190326^|^SCI^|^1694498^|^1694498^|^1694498^|^D
513^|^20170925^|^20930212^|^1694498^|^Vertriebsbeauftragte^|^VB^|^20180925^|^20191012^|^SCI^|^1694498^|^1694498^|^1694498^|^D
514^|^20140421^|^20981021^|^1694498^|^Vertriebsbeauftragte^|^VB^|^20180428^|^20190122^|^SCI^|^1694498^|^1694498^|^1694498^|^D
515^|^20161223^|^20920225^|^1694498^|^Vertriebsbeauftragte^|^VB^|^20181209^|^20191205^|^SCI^|^1694498^|^1694498^|^1694498^|^D
516^|^20120925^|^20910724^|^1694498^|^Vertriebsbeauftragte^|^VB^|^20180629^|^20191219^|^SCI^|^1694498^|^1694498^|^1694498^|^D
517^|^20140224^|^20911229^|^1694498^|^Vertriebsbeauftragte^|^VB^|^20180503^|^20190930^|^SCI^|^1694498^|^1694498^|^1694498^|^D
518^|^20120819^|^20910228^|^1694498^|^Vertriebsbeauftragte^|^VB^|^20180728^|^20190326^|^SCI^|^1694498^|^1694498^|^1694498^|^D
519^|^20120428^|^20950606^|^1694498^|^Vertriebsbeauftragte^|^VB^|^20180213^|^20190930^|^SCI^|^1694498^|^1694498^|^1694498^|^D
520^|^20141117^|^20920626^|^1694498^|^Vertriebsbeauftragte^|^VB^|^20181007^|^20190905^|^SCI^|^1694498^|^1694498^|^1694498^|^D
521^|^20171116^|^20971229^|^1694498^|^Vertriebsbeauftragte^|^VB^|^20180809^|^20190911^|^SCI^|^1694498^|^1694498^|^1694498^|^D
522^|^20170709^|^20970119^|^1694498^|^Vertriebsbeauftragte^|^VB^|^20180501^|^20190414^|^SCI^|^1694498^|^1694498^|^1694498^|^D
523^|^20160413^|^20911120^|^1694498^|^Vertriebsbeauftragte^|^VB^|^20181126^|^20191226^|^SCI^|^1694498^|^1694498^|^1694498^|^D
524^|^20110811^|^20980530^|^1694498^|^Vertriebsbeauftragte^|^VB^|^20181109^|^20190202^|^SCI^|^1694498^|^1694498^|^1694498^|^D
525^|^20131023^|^20931129^|^1694498^|^Vertriebsbeauftragte^|^VB^|^20181116^|^20191112^|^SCI^|^1694498^|^1694498^|^1694498^|^D
526^|^20150319^|^20931011^|^1694498^|^Vertriebsbeauftragte^|^VB^|^20180921^|^20190604^|^SCI^|^1694498^|^1694498^|^1694498^|^D
527^|^20150306^|^20920912^|^1694498^|^Vertriebsbeauftragte^|^VB^|^20180617^|^20190704^|^SCI^|^1694498^|^1694498^|^1694498^|^D
528^|^20141228^|^20990628^|^1694498^|^Vertriebsbeauftragte^|^VB^|^20180213^|^20190416^|^SCI^|^1694498^|^1694498^|^1694498^|^D
529^|^20160624^|^20920528^|^1694498^|^Vertriebsbeauftragte^|^VB^|^20180209^|^20190910^|^SCI^|^1694498^|^1694498^|^1694498^|^D
530^|^20110814^|^20960516^|^1694498^|^Vertriebsbeauftragte^|^VB^|^20180604^|^20190119^|^SCI^|^1694498^|^1694498^|^1694498^|^D
531^|^20120427^|^20940430^|^1694498^|^Vertriebsbeauftragte^|^VB^|^20180227^|^20190425^|^SCI^|^1694498^|^1694498^|^1694498^|^D
532^|^20120218^|^20950627^|^1694498^|^Vertriebsbeauftragte^|^VB^|^20180309^|^20190602^|^SCI^|^1694498^|^1694498^|^1694498^|^D
533^|^20110920^|^20960706^|^1694498^|^Vertriebsbeauftragte^|^VB^|^20180118^|^20190923^|^SCI^|^1694498^|^1694498^|^1694498^|^D
534^|^20130715^|^20920111^|^1694498^|^Vertriebsbeauftragte^|^VB^|^20180503^|^20190324^|^SCI^|^1694498^|^1694498^|^1694498^|^D
535^|^20130115^|^20931004^|^1694498^|^Vertriebsbeauftragte^|^VB^|^20180107^|^20190328^|^SCI^|^1694498^|^1694498^|^1694498^|^D
536^|^20140711^|^20950626^|^1694498^|^Vertriebsbeauftragte^|^VB^|^20180325^|^20191028^|^SCI^|^1694498^|^1694498^|^1694498^|^D
537^|^20170916^|^20960706^|^1694498^|^Vertriebsbeauftragte^|^VB^|^20181218^|^20190726^|^SCI^|^1694498^|^1694498^|^1694498^|^D
538^|^20121006^|^20930917^|^1694498^|^Vertriebsbeauftragte^|^VB^|^20181229^|^20190309^|^SCI^|^1694498^|^1694498^|^1694498^|^D
539^|^20141228^|^20990131^|^1694498^|^Vertriebsbeauftragte^|^VB^|^20181207^|^20191007^|^SCI^|^1694498^|^1694498^|^1694498^|^D
540^|^20130121^|^20921115^|^1694498^|^Vertriebsbeauftragte^|^VB^|^20181013^|^20190831^|^SCI^|^1694498^|^1694498^|^1694498^|^D
541^|^20160209^|^20930130^|^1694498^|^Vertriebsbeauftragte^|^VB^|^20180619^|^20190701^|^SCI^|^1694498^|^1694498^|^1694498^|^D
542^|^20160209^|^20910515^|^1694498^|^Vertriebsbeauftragte^|^VB^|^20180922^|^20190725^|^SCI^|^1694498^|^1694498^|^1694498^|^D
543^|^20110516^|^20970623^|^1694498^|^Vertriebsbeauftragte^|^VB^|^20180705^|^20191213^|^SCI^|^1694498^|^1694498^|^1694498^|^D
544^|^20171021^|^20950723^|^1694498^|^Vertriebsbeauftragte^|^VB^|^20180921^|^20191115^|^SCI^|^1694498^|^1694498^|^1694498^|^D
545^|^20130309^|^20940213^|^1694498^|^Vertriebsbeauftragte^|^VB^|^20180925^|^20191103^|^SCI^|^1694498^|^1694498^|^1694498^|^D
546^|^20121030^|^20990426^|^1694498^|^Vertriebsbeauftragte^|^VB^|^20180830^|^20190202^|^SCI^|^1694498^|^1694498^|^1694498^|^D
547^|^20130111^|^20950620^|^1694498^|^Vertriebsbeauftragte^|^VB^|^20180916^|^20190218^|^SCI^|^1694498^|^1694498^|^1694498^|^D
548^|^20121111^|^20951215^|^1694498^|^Vertriebsbeauftragte^|^VB^|^20180610^|^20191016^|^SCI^|^1694498^|^1694498^|^1694498^|^D
549^|^20110130^|^20980429^|^1694498^|^Vertriebsbeauftragte^|^VB^|^20181027^|^20191223^|^SCI^|^1694498^|^1694498^|^1694498^|^D
550^|^20121019^|^20951227^|^1694498^|^Vertriebsbeauftragte^|^VB^|^20180110^|^20190612^|^SCI^|^1694498^|^1694498^|^1694498^|^D
551^|^20141225^|^20960105^|^1694498^|^Vertriebsbeauftragte^|^VB^|^20180719^|^20190812^|^SCI^|^1694498^|^1694498^|^1694498^|^D
552^|^20110505^|^20920610^|^1694498^|^Vertriebsbeauftragte^|^VB^|^20181029^|^20190815^|^SCI^|^1694498^|^1694498^|^1694498^|^D